"Title:","mx1.kau.lt - Traffic - ae5.0 - SRV_GLOBAL INFRASTRUCTURE BACKBONE POZ SRF0000001 | kau-poz"
"Vertical Label:","bits per second"
"Start Date:","2020-03-19 22:05:00"
"End Date:","2020-03-21 00:00:00"
"Step:","300"
"Total Rows:","312"
"Graph ID:","526"
"Host ID:","131"
"Nth Percentile:","1216519250.8","|95:bits:0:current:2|"
"Nth Percentile:","607175137.58","|95:bits:0:current:2|"
""
"Date","Inbound","Peak","Outbound","Peak"
"2020-03-19 22:05:00","7.9316771590e+08","7.9316771590e+08","3.0196880588e+08","3.0196880588e+08"
"2020-03-19 22:10:00","8.1893756682e+08","8.1893756682e+08","4.4901904183e+08","4.4901904183e+08"
"2020-03-19 22:15:00","8.2718226460e+08","8.2718226460e+08","3.1836139115e+08","3.1836139115e+08"
"2020-03-19 22:20:00","8.3506053168e+08","8.3506053168e+08","3.8846788875e+08","3.8846788875e+08"
"2020-03-19 22:25:00","8.2383271992e+08","8.2383271992e+08","3.2033665352e+08","3.2033665352e+08"
"2020-03-19 22:30:00","8.8281642957e+08","8.8281642957e+08","3.6524925902e+08","3.6524925902e+08"
"2020-03-19 22:35:00","7.6241218065e+08","7.6241218065e+08","3.6486671233e+08","3.6486671233e+08"
"2020-03-19 22:40:00","6.3935352771e+08","6.3935352771e+08","3.6458702133e+08","3.6458702133e+08"
"2020-03-19 22:45:00","6.3886018519e+08","6.3886018519e+08","4.6689201519e+08","4.6689201519e+08"
"2020-03-19 22:50:00","6.2400662370e+08","6.2400662370e+08","4.5837841293e+08","4.5837841293e+08"
"2020-03-19 22:55:00","6.6302065897e+08","6.6302065897e+08","4.0388853457e+08","4.0388853457e+08"
"2020-03-19 23:00:00","6.8779275087e+08","6.8779275087e+08","3.8954651073e+08","3.8954651073e+08"
"2020-03-19 23:05:00","7.4728386170e+08","7.4728386170e+08","4.7958739799e+08","4.7958739799e+08"
"2020-03-19 23:10:00","7.2441956613e+08","7.2441956613e+08","4.5819507275e+08","4.5819507275e+08"
"2020-03-19 23:15:00","6.6418414108e+08","6.6418414108e+08","4.9298494848e+08","4.9298494848e+08"
"2020-03-19 23:20:00","6.1736172827e+08","6.1736172827e+08","4.4513360892e+08","4.4513360892e+08"
"2020-03-19 23:25:00","6.4576707281e+08","6.4576707281e+08","4.0570832860e+08","4.0570832860e+08"
"2020-03-19 23:30:00","6.5774422641e+08","6.5774422641e+08","4.5550584872e+08","4.5550584872e+08"
"2020-03-19 23:35:00","6.5293838061e+08","6.5293838061e+08","4.4477002045e+08","4.4477002045e+08"
"2020-03-19 23:40:00","6.0119992723e+08","6.0119992723e+08","5.2867970002e+08","5.2867970002e+08"
"2020-03-19 23:45:00","5.4915920380e+08","5.4915920380e+08","3.5937699501e+08","3.5937699501e+08"
"2020-03-19 23:50:00","5.5720884133e+08","5.5720884133e+08","4.1630017186e+08","4.1630017186e+08"
"2020-03-19 23:55:00","5.4093592548e+08","5.4093592548e+08","4.5984905298e+08","4.5984905298e+08"
"2020-03-20 00:00:00","5.6576145184e+08","5.6576145184e+08","4.6942817819e+08","4.6942817819e+08"
"2020-03-20 00:05:00","6.3335323323e+08","6.3335323323e+08","5.2218367853e+08","5.2218367853e+08"
"2020-03-20 00:10:00","7.0010226231e+08","7.0010226231e+08","5.4121672716e+08","5.4121672716e+08"
"2020-03-20 00:15:00","5.8998436649e+08","5.8998436649e+08","5.0652015006e+08","5.0652015006e+08"
"2020-03-20 00:20:00","5.6129054607e+08","5.6129054607e+08","5.0526133901e+08","5.0526133901e+08"
"2020-03-20 00:25:00","5.3667506874e+08","5.3667506874e+08","5.2003924417e+08","5.2003924417e+08"
"2020-03-20 00:30:00","5.4278919720e+08","5.4278919720e+08","4.2540722216e+08","4.2540722216e+08"
"2020-03-20 00:35:00","4.8510473824e+08","4.8510473824e+08","3.6964318099e+08","3.6964318099e+08"
"2020-03-20 00:40:00","4.4854183187e+08","4.4854183187e+08","4.4272748742e+08","4.4272748742e+08"
"2020-03-20 00:45:00","4.4964434886e+08","4.4964434886e+08","4.5004028981e+08","4.5004028981e+08"
"2020-03-20 00:50:00","6.4399509349e+08","6.4399509349e+08","4.6030544416e+08","4.6030544416e+08"
"2020-03-20 00:55:00","4.7979379409e+08","4.7979379409e+08","4.7636100244e+08","4.7636100244e+08"
"2020-03-20 01:00:00","5.0906291663e+08","5.0906291663e+08","4.0251924713e+08","4.0251924713e+08"
"2020-03-20 01:05:00","5.1152131004e+08","5.1152131004e+08","4.4691988999e+08","4.4691988999e+08"
"2020-03-20 01:10:00","4.4872027675e+08","4.4872027675e+08","5.2718070505e+08","5.2718070505e+08"
"2020-03-20 01:15:00","4.1856961608e+08","4.1856961608e+08","3.7331815044e+08","3.7331815044e+08"
"2020-03-20 01:20:00","4.0432286125e+08","4.0432286125e+08","3.6160918993e+08","3.6160918993e+08"
"2020-03-20 01:25:00","4.1970328554e+08","4.1970328554e+08","4.0583617582e+08","4.0583617582e+08"
"2020-03-20 01:30:00","4.0907765870e+08","4.0907765870e+08","4.0561989957e+08","4.0561989957e+08"
"2020-03-20 01:35:00","3.7658147807e+08","3.7658147807e+08","5.3142770838e+08","5.3142770838e+08"
"2020-03-20 01:40:00","3.8736901289e+08","3.8736901289e+08","5.5309830183e+08","5.5309830183e+08"
"2020-03-20 01:45:00","3.9627618449e+08","3.9627618449e+08","5.1174229700e+08","5.1174229700e+08"
"2020-03-20 01:50:00","2.8903250143e+08","2.8903250143e+08","4.7832610876e+08","4.7832610876e+08"
"2020-03-20 01:55:00","3.1002328040e+08","3.1002328040e+08","4.3469702013e+08","4.3469702013e+08"
"2020-03-20 02:00:00","2.9452668575e+08","2.9452668575e+08","3.8539092416e+08","3.8539092416e+08"
"2020-03-20 02:05:00","4.0771173264e+08","4.0771173264e+08","4.0145684667e+08","4.0145684667e+08"
"2020-03-20 02:10:00","3.6490205943e+08","3.6490205943e+08","3.8555664318e+08","3.8555664318e+08"
"2020-03-20 02:15:00","4.2688994776e+08","4.2688994776e+08","4.1437052684e+08","4.1437052684e+08"
"2020-03-20 02:20:00","3.3309163099e+08","3.3309163099e+08","2.6227156427e+08","2.6227156427e+08"
"2020-03-20 02:25:00","3.9828187302e+08","3.9828187302e+08","2.2054352765e+08","2.2054352765e+08"
"2020-03-20 02:30:00","3.0962771349e+08","3.0962771349e+08","1.5353723849e+08","1.5353723849e+08"
"2020-03-20 02:35:00","4.1238424027e+08","4.1238424027e+08","2.8981973830e+08","2.8981973830e+08"
"2020-03-20 02:40:00","3.1806825817e+08","3.1806825817e+08","3.5907276296e+08","3.5907276296e+08"
"2020-03-20 02:45:00","2.8917550833e+08","2.8917550833e+08","4.2602271536e+08","4.2602271536e+08"
"2020-03-20 02:50:00","3.2065040044e+08","3.2065040044e+08","4.5535708097e+08","4.5535708097e+08"
"2020-03-20 02:55:00","2.6666204461e+08","2.6666204461e+08","3.6868352855e+08","3.6868352855e+08"
"2020-03-20 03:00:00","2.5788665701e+08","2.5788665701e+08","1.4165645168e+08","1.4165645168e+08"
"2020-03-20 03:05:00","2.5333912398e+08","2.5333912398e+08","2.5563079660e+08","2.5563079660e+08"
"2020-03-20 03:10:00","2.1816745165e+08","2.1816745165e+08","3.5360169520e+08","3.5360169520e+08"
"2020-03-20 03:15:00","2.0832428181e+08","2.0832428181e+08","3.6348066286e+08","3.6348066286e+08"
"2020-03-20 03:20:00","2.2733134690e+08","2.2733134690e+08","3.7705957000e+08","3.7705957000e+08"
"2020-03-20 03:25:00","2.0381630058e+08","2.0381630058e+08","3.9648315845e+08","3.9648315845e+08"
"2020-03-20 03:30:00","1.9918301877e+08","1.9918301877e+08","4.0760383564e+08","4.0760383564e+08"
"2020-03-20 03:35:00","2.0279867326e+08","2.0279867326e+08","3.8708626759e+08","3.8708626759e+08"
"2020-03-20 03:40:00","1.9135735101e+08","1.9135735101e+08","3.8110557822e+08","3.8110557822e+08"
"2020-03-20 03:45:00","1.8289111252e+08","1.8289111252e+08","4.3514523123e+08","4.3514523123e+08"
"2020-03-20 03:50:00","2.2210698138e+08","2.2210698138e+08","3.9718687958e+08","3.9718687958e+08"
"2020-03-20 03:55:00","2.1644013770e+08","2.1644013770e+08","3.6693656550e+08","3.6693656550e+08"
"2020-03-20 04:00:00","2.2502927085e+08","2.2502927085e+08","3.4600909841e+08","3.4600909841e+08"
"2020-03-20 04:05:00","2.4403443125e+08","2.4403443125e+08","4.0979681576e+08","4.0979681576e+08"
"2020-03-20 04:10:00","1.7192610675e+08","1.7192610675e+08","4.0002266019e+08","4.0002266019e+08"
"2020-03-20 04:15:00","1.7212772538e+08","1.7212772538e+08","3.9192646629e+08","3.9192646629e+08"
"2020-03-20 04:20:00","1.8108728464e+08","1.8108728464e+08","4.2947978690e+08","4.2947978690e+08"
"2020-03-20 04:25:00","2.0549220930e+08","2.0549220930e+08","4.6252936040e+08","4.6252936040e+08"
"2020-03-20 04:30:00","1.9058635266e+08","1.9058635266e+08","4.5967702959e+08","4.5967702959e+08"
"2020-03-20 04:35:00","1.9781211095e+08","1.9781211095e+08","4.4583276487e+08","4.4583276487e+08"
"2020-03-20 04:40:00","2.0913960820e+08","2.0913960820e+08","3.4716843902e+08","3.4716843902e+08"
"2020-03-20 04:45:00","2.2758186405e+08","2.2758186405e+08","3.8101818789e+08","3.8101818789e+08"
"2020-03-20 04:50:00","2.5757019161e+08","2.5757019161e+08","3.7691473533e+08","3.7691473533e+08"
"2020-03-20 04:55:00","1.9968737002e+08","1.9968737002e+08","3.9889322112e+08","3.9889322112e+08"
"2020-03-20 05:00:00","1.9726206207e+08","1.9726206207e+08","4.2835183666e+08","4.2835183666e+08"
"2020-03-20 05:05:00","2.5907765314e+08","2.5907765314e+08","4.5986675533e+08","4.5986675533e+08"
"2020-03-20 05:10:00","2.7056158186e+08","2.7056158186e+08","4.2482330122e+08","4.2482330122e+08"
"2020-03-20 05:15:00","2.3225346440e+08","2.3225346440e+08","3.5768440238e+08","3.5768440238e+08"
"2020-03-20 05:20:00","2.7358703468e+08","2.7358703468e+08","3.6857765585e+08","3.6857765585e+08"
"2020-03-20 05:25:00","3.1821030314e+08","3.1821030314e+08","4.1663273539e+08","4.1663273539e+08"
"2020-03-20 05:30:00","3.8648249862e+08","3.8648249862e+08","3.4632580999e+08","3.4632580999e+08"
"2020-03-20 05:35:00","4.6128137800e+08","4.6128137800e+08","4.1045700763e+08","4.1045700763e+08"
"2020-03-20 05:40:00","4.4657713375e+08","4.4657713375e+08","3.4440236438e+08","3.4440236438e+08"
"2020-03-20 05:45:00","4.6462729830e+08","4.6462729830e+08","3.6135377193e+08","3.6135377193e+08"
"2020-03-20 05:50:00","3.8057014786e+08","3.8057014786e+08","3.4941907643e+08","3.4941907643e+08"
"2020-03-20 05:55:00","4.6190535649e+08","4.6190535649e+08","4.3731701823e+08","4.3731701823e+08"
"2020-03-20 06:00:00","4.6582174940e+08","4.6582174940e+08","4.6881275262e+08","4.6881275262e+08"
"2020-03-20 06:05:00","6.2104888349e+08","6.2104888349e+08","5.4893957437e+08","5.4893957437e+08"
"2020-03-20 06:10:00","6.3938477331e+08","6.3938477331e+08","2.5539889959e+08","2.5539889959e+08"
"2020-03-20 06:15:00","5.9829307579e+08","5.9829307579e+08","3.6506052019e+08","3.6506052019e+08"
"2020-03-20 06:20:00","6.1213754698e+08","6.1213754698e+08","4.8067426755e+08","4.8067426755e+08"
"2020-03-20 06:25:00","8.0026073743e+08","8.0026073743e+08","4.0764790062e+08","4.0764790062e+08"
"2020-03-20 06:30:00","6.1447665451e+08","6.1447665451e+08","3.3004687280e+08","3.3004687280e+08"
"2020-03-20 06:35:00","6.0646908054e+08","6.0646908054e+08","3.3343332180e+08","3.3343332180e+08"
"2020-03-20 06:40:00","5.5222165963e+08","5.5222165963e+08","4.3714020142e+08","4.3714020142e+08"
"2020-03-20 06:45:00","6.5476490178e+08","6.5476490178e+08","3.7301451145e+08","3.7301451145e+08"
"2020-03-20 06:50:00","6.3527865080e+08","6.3527865080e+08","3.5409254484e+08","3.5409254484e+08"
"2020-03-20 06:55:00","7.3315514017e+08","7.3315514017e+08","4.0555307761e+08","4.0555307761e+08"
"2020-03-20 07:00:00","7.6542548774e+08","7.6542548774e+08","3.8925350469e+08","3.8925350469e+08"
"2020-03-20 07:05:00","7.4932242866e+08","7.4932242866e+08","5.5279152473e+08","5.5279152473e+08"
"2020-03-20 07:10:00","7.6950004613e+08","7.6950004613e+08","5.4304236599e+08","5.4304236599e+08"
"2020-03-20 07:15:00","7.0545981573e+08","7.0545981573e+08","4.9810616313e+08","4.9810616313e+08"
"2020-03-20 07:20:00","7.4661987909e+08","7.4661987909e+08","3.8528709233e+08","3.8528709233e+08"
"2020-03-20 07:25:00","8.6325850803e+08","8.6325850803e+08","4.2368617958e+08","4.2368617958e+08"
"2020-03-20 07:30:00","7.9872790924e+08","7.9872790924e+08","5.5588494744e+08","5.5588494744e+08"
"2020-03-20 07:35:00","7.9165295342e+08","7.9165295342e+08","4.9949749462e+08","4.9949749462e+08"
"2020-03-20 07:40:00","8.4218443130e+08","8.4218443130e+08","6.2025128526e+08","6.2025128526e+08"
"2020-03-20 07:45:00","8.3715475107e+08","8.3715475107e+08","6.1136344656e+08","6.1136344656e+08"
"2020-03-20 07:50:00","8.0820890342e+08","8.0820890342e+08","5.8380537214e+08","5.8380537214e+08"
"2020-03-20 07:55:00","9.1049321131e+08","9.1049321131e+08","6.5280469617e+08","6.5280469617e+08"
"2020-03-20 08:00:00","9.6243593149e+08","9.6243593149e+08","6.8796665552e+08","6.8796665552e+08"
"2020-03-20 08:05:00","9.7808096847e+08","9.7808096847e+08","5.9622249190e+08","5.9622249190e+08"
"2020-03-20 08:10:00","9.3534501326e+08","9.3534501326e+08","4.8829121953e+08","4.8829121953e+08"
"2020-03-20 08:15:00","1.1570568643e+09","1.1570568643e+09","4.0520065889e+08","4.0520065889e+08"
"2020-03-20 08:20:00","1.0376897372e+09","1.0376897372e+09","4.2072886900e+08","4.2072886900e+08"
"2020-03-20 08:25:00","8.9268505081e+08","8.9268505081e+08","4.8599451262e+08","4.8599451262e+08"
"2020-03-20 08:30:00","9.7654672537e+08","9.7654672537e+08","5.3683904399e+08","5.3683904399e+08"
"2020-03-20 08:35:00","1.0027542359e+09","1.0027542359e+09","6.4418915325e+08","6.4418915325e+08"
"2020-03-20 08:40:00","9.0232091866e+08","9.0232091866e+08","6.4552033057e+08","6.4552033057e+08"
"2020-03-20 08:45:00","8.9772479246e+08","8.9772479246e+08","6.3129945098e+08","6.3129945098e+08"
"2020-03-20 08:50:00","9.4091733593e+08","9.4091733593e+08","2.7690179978e+08","2.7690179978e+08"
"2020-03-20 08:55:00","9.3488438530e+08","9.3488438530e+08","3.6220171014e+08","3.6220171014e+08"
"2020-03-20 09:00:00","1.0096664399e+09","1.0096664399e+09","6.7474066331e+08","6.7474066331e+08"
"2020-03-20 09:05:00","9.5576010680e+08","9.5576010680e+08","7.4046794241e+08","7.4046794241e+08"
"2020-03-20 09:10:00","9.2259326211e+08","9.2259326211e+08","5.9112890538e+08","5.9112890538e+08"
"2020-03-20 09:15:00","9.6177122575e+08","9.6177122575e+08","6.2347629017e+08","6.2347629017e+08"
"2020-03-20 09:20:00","9.4728243519e+08","9.4728243519e+08","6.3565875943e+08","6.3565875943e+08"
"2020-03-20 09:25:00","1.0414287613e+09","1.0414287613e+09","7.4401256184e+08","7.4401256184e+08"
"2020-03-20 09:30:00","1.0892383659e+09","1.0892383659e+09","6.0717513757e+08","6.0717513757e+08"
"2020-03-20 09:35:00","1.0056866947e+09","1.0056866947e+09","5.9530929229e+08","5.9530929229e+08"
"2020-03-20 09:40:00","1.0208656175e+09","1.0208656175e+09","3.5003870827e+08","3.5003870827e+08"
"2020-03-20 09:45:00","9.9042581627e+08","9.9042581627e+08","5.4378289241e+08","5.4378289241e+08"
"2020-03-20 09:50:00","1.1512126813e+09","1.1512126813e+09","5.9207047512e+08","5.9207047512e+08"
"2020-03-20 09:55:00","1.1202476642e+09","1.1202476642e+09","6.0385314737e+08","6.0385314737e+08"
"2020-03-20 10:00:00","1.1781757776e+09","1.1781757776e+09","5.7286906021e+08","5.7286906021e+08"
"2020-03-20 10:05:00","1.0230080335e+09","1.0230080335e+09","5.5046797444e+08","5.5046797444e+08"
"2020-03-20 10:10:00","1.1850964200e+09","1.1850964200e+09","5.3001766517e+08","5.3001766517e+08"
"2020-03-20 10:15:00","9.7275220610e+08","9.7275220610e+08","5.3797234508e+08","5.3797234508e+08"
"2020-03-20 10:20:00","1.0524410764e+09","1.0524410764e+09","4.5362061323e+08","4.5362061323e+08"
"2020-03-20 10:25:00","1.0068227935e+09","1.0068227935e+09","4.6792876856e+08","4.6792876856e+08"
"2020-03-20 10:30:00","9.5555551231e+08","9.5555551231e+08","4.0053887500e+08","4.0053887500e+08"
"2020-03-20 10:35:00","9.2105093721e+08","9.2105093721e+08","3.7816032234e+08","3.7816032234e+08"
"2020-03-20 10:40:00","1.0044178415e+09","1.0044178415e+09","2.8298162899e+08","2.8298162899e+08"
"2020-03-20 10:45:00","1.1628612916e+09","1.1628612916e+09","3.9158587811e+08","3.9158587811e+08"
"2020-03-20 10:50:00","1.1812467835e+09","1.1812467835e+09","4.5769717938e+08","4.5769717938e+08"
"2020-03-20 10:55:00","1.1348528858e+09","1.1348528858e+09","4.7006544068e+08","4.7006544068e+08"
"2020-03-20 11:00:00","1.0880387013e+09","1.0880387013e+09","4.3934808881e+08","4.3934808881e+08"
"2020-03-20 11:05:00","1.0075525172e+09","1.0075525172e+09","4.8305816578e+08","4.8305816578e+08"
"2020-03-20 11:10:00","1.0943586727e+09","1.0943586727e+09","5.2175954461e+08","5.2175954461e+08"
"2020-03-20 11:15:00","9.8777076443e+08","9.8777076443e+08","4.6394378710e+08","4.6394378710e+08"
"2020-03-20 11:20:00","1.0949703887e+09","1.0949703887e+09","4.1458564090e+08","4.1458564090e+08"
"2020-03-20 11:25:00","1.0708479400e+09","1.0708479400e+09","4.0595317421e+08","4.0595317421e+08"
"2020-03-20 11:30:00","9.9734404521e+08","9.9734404521e+08","3.7689673940e+08","3.7689673940e+08"
"2020-03-20 11:35:00","9.5720022898e+08","9.5720022898e+08","3.9398462596e+08","3.9398462596e+08"
"2020-03-20 11:40:00","1.0727956299e+09","1.0727956299e+09","4.2539001317e+08","4.2539001317e+08"
"2020-03-20 11:45:00","9.6210597291e+08","9.6210597291e+08","3.7248685458e+08","3.7248685458e+08"
"2020-03-20 11:50:00","9.3926493068e+08","9.3926493068e+08","3.4732878441e+08","3.4732878441e+08"
"2020-03-20 11:55:00","9.7372909561e+08","9.7372909561e+08","3.7207672996e+08","3.7207672996e+08"
"2020-03-20 12:00:00","1.0239122533e+09","1.0239122533e+09","3.7070559475e+08","3.7070559475e+08"
"2020-03-20 12:05:00","1.0256428321e+09","1.0256428321e+09","4.2137828202e+08","4.2137828202e+08"
"2020-03-20 12:10:00","1.0825856655e+09","1.0825856655e+09","6.0217447207e+08","6.0217447207e+08"
"2020-03-20 12:15:00","1.2634663013e+09","1.2634663013e+09","4.2926597714e+08","4.2926597714e+08"
"2020-03-20 12:20:00","1.1779915784e+09","1.1779915784e+09","4.5509388315e+08","4.5509388315e+08"
"2020-03-20 12:25:00","1.1806434787e+09","1.1806434787e+09","4.5926789461e+08","4.5926789461e+08"
"2020-03-20 12:30:00","1.0405422167e+09","1.0405422167e+09","4.0739608231e+08","4.0739608231e+08"
"2020-03-20 12:35:00","1.0826657263e+09","1.0826657263e+09","2.8529855096e+08","2.8529855096e+08"
"2020-03-20 12:40:00","1.0959807347e+09","1.0959807347e+09","3.6838711548e+08","3.6838711548e+08"
"2020-03-20 12:45:00","1.1263145248e+09","1.1263145248e+09","4.0416336252e+08","4.0416336252e+08"
"2020-03-20 12:50:00","1.1069282830e+09","1.1069282830e+09","4.0386282614e+08","4.0386282614e+08"
"2020-03-20 12:55:00","1.1354209794e+09","1.1354209794e+09","4.5553984028e+08","4.5553984028e+08"
"2020-03-20 13:00:00","1.2871941407e+09","1.2871941407e+09","5.2172438231e+08","5.2172438231e+08"
"2020-03-20 13:05:00","1.3260024670e+09","1.3260024670e+09","5.1615848967e+08","5.1615848967e+08"
"2020-03-20 13:10:00","1.0741556010e+09","1.0741556010e+09","5.4095669450e+08","5.4095669450e+08"
"2020-03-20 13:15:00","1.0442157706e+09","1.0442157706e+09","5.4955274433e+08","5.4955274433e+08"
"2020-03-20 13:20:00","1.1407938849e+09","1.1407938849e+09","6.0402572507e+08","6.0402572507e+08"
"2020-03-20 13:25:00","1.0524339924e+09","1.0524339924e+09","5.4848359090e+08","5.4848359090e+08"
"2020-03-20 13:30:00","1.0587985765e+09","1.0587985765e+09","4.6068001983e+08","4.6068001983e+08"
"2020-03-20 13:35:00","9.7124754596e+08","9.7124754596e+08","5.1580912339e+08","5.1580912339e+08"
"2020-03-20 13:40:00","1.0056046609e+09","1.0056046609e+09","4.5855467199e+08","4.5855467199e+08"
"2020-03-20 13:45:00","9.5104990776e+08","9.5104990776e+08","4.2857320952e+08","4.2857320952e+08"
"2020-03-20 13:50:00","1.1317506674e+09","1.1317506674e+09","4.0129792520e+08","4.0129792520e+08"
"2020-03-20 13:55:00","1.0753971025e+09","1.0753971025e+09","3.3684766189e+08","3.3684766189e+08"
"2020-03-20 14:00:00","9.4178509786e+08","9.4178509786e+08","3.3877144401e+08","3.3877144401e+08"
"2020-03-20 14:05:00","1.0069084388e+09","1.0069084388e+09","4.2347578972e+08","4.2347578972e+08"
"2020-03-20 14:10:00","9.9812797624e+08","9.9812797624e+08","4.1720091245e+08","4.1720091245e+08"
"2020-03-20 14:15:00","1.0680805550e+09","1.0680805550e+09","3.4688473617e+08","3.4688473617e+08"
"2020-03-20 14:20:00","9.9428649275e+08","9.9428649275e+08","3.4494774215e+08","3.4494774215e+08"
"2020-03-20 14:25:00","1.2307967189e+09","1.2307967189e+09","4.2910713190e+08","4.2910713190e+08"
"2020-03-20 14:30:00","1.1854843237e+09","1.1854843237e+09","4.1279882351e+08","4.1279882351e+08"
"2020-03-20 14:35:00","1.1451453008e+09","1.1451453008e+09","3.5041066112e+08","3.5041066112e+08"
"2020-03-20 14:40:00","1.1766706017e+09","1.1766706017e+09","3.4124331468e+08","3.4124331468e+08"
"2020-03-20 14:45:00","1.2343681641e+09","1.2343681641e+09","3.4862079716e+08","3.4862079716e+08"
"2020-03-20 14:50:00","1.2165192508e+09","1.2165192508e+09","3.8804141710e+08","3.8804141710e+08"
"2020-03-20 14:55:00","1.2997847833e+09","1.2997847833e+09","3.9775059543e+08","3.9775059543e+08"
"2020-03-20 15:00:00","1.3199899052e+09","1.3199899052e+09","3.6063567199e+08","3.6063567199e+08"
"2020-03-20 15:05:00","1.3730787813e+09","1.3730787813e+09","3.4274139939e+08","3.4274139939e+08"
"2020-03-20 15:10:00","1.3425078570e+09","1.3425078570e+09","3.1988546197e+08","3.1988546197e+08"
"2020-03-20 15:15:00","1.4009893958e+09","1.4009893958e+09","3.5465098674e+08","3.5465098674e+08"
"2020-03-20 15:20:00","1.4263138449e+09","1.4263138449e+09","2.7792153707e+08","2.7792153707e+08"
"2020-03-20 15:25:00","1.4408783098e+09","1.4408783098e+09","3.3907180340e+08","3.3907180340e+08"
"2020-03-20 15:30:00","1.3184603539e+09","1.3184603539e+09","3.6236333316e+08","3.6236333316e+08"
"2020-03-20 15:35:00","1.3336145042e+09","1.3336145042e+09","3.9720667272e+08","3.9720667272e+08"
"2020-03-20 15:40:00","1.2646069882e+09","1.2646069882e+09","4.9605353706e+08","4.9605353706e+08"
"2020-03-20 15:45:00","1.0299948765e+09","1.0299948765e+09","4.5777331123e+08","4.5777331123e+08"
"2020-03-20 15:50:00","1.0939561071e+09","1.0939561071e+09","4.1869831714e+08","4.1869831714e+08"
"2020-03-20 15:55:00","1.1185312519e+09","1.1185312519e+09","4.0307151233e+08","4.0307151233e+08"
"2020-03-20 16:00:00","1.0235477023e+09","1.0235477023e+09","4.0006741930e+08","4.0006741930e+08"
"2020-03-20 16:05:00","1.0849061761e+09","1.0849061761e+09","4.1747578075e+08","4.1747578075e+08"
"2020-03-20 16:10:00","1.1128145675e+09","1.1128145675e+09","4.2043341840e+08","4.2043341840e+08"
"2020-03-20 16:15:00","9.5537106638e+08","9.5537106638e+08","4.8178733474e+08","4.8178733474e+08"
"2020-03-20 16:20:00","8.2210970249e+08","8.2210970249e+08","4.7477275859e+08","4.7477275859e+08"
"2020-03-20 16:25:00","9.1907420453e+08","9.1907420453e+08","5.5643470930e+08","5.5643470930e+08"
"2020-03-20 16:30:00","9.1931388603e+08","9.1931388603e+08","4.5543391831e+08","4.5543391831e+08"
"2020-03-20 16:35:00","9.0134904370e+08","9.0134904370e+08","3.4462220164e+08","3.4462220164e+08"
"2020-03-20 16:40:00","9.6803034202e+08","9.6803034202e+08","3.5704103430e+08","3.5704103430e+08"
"2020-03-20 16:45:00","1.0800227780e+09","1.0800227780e+09","3.5144477913e+08","3.5144477913e+08"
"2020-03-20 16:50:00","1.1808912268e+09","1.1808912268e+09","5.9686391385e+08","5.9686391385e+08"
"2020-03-20 16:55:00","9.2182108447e+08","9.2182108447e+08","6.6487316826e+08","6.6487316826e+08"
"2020-03-20 17:00:00","9.8590776606e+08","9.8590776606e+08","6.1634108015e+08","6.1634108015e+08"
"2020-03-20 17:05:00","9.5734296289e+08","9.5734296289e+08","6.2361154698e+08","6.2361154698e+08"
"2020-03-20 17:10:00","9.4532391208e+08","9.4532391208e+08","3.7695538745e+08","3.7695538745e+08"
"2020-03-20 17:15:00","8.8291313075e+08","8.8291313075e+08","3.6702760174e+08","3.6702760174e+08"
"2020-03-20 17:20:00","8.8004297757e+08","8.8004297757e+08","3.7943700731e+08","3.7943700731e+08"
"2020-03-20 17:25:00","8.6736091695e+08","8.6736091695e+08","3.3035735181e+08","3.3035735181e+08"
"2020-03-20 17:30:00","8.9394018050e+08","8.9394018050e+08","3.5526764083e+08","3.5526764083e+08"
"2020-03-20 17:35:00","8.4497705115e+08","8.4497705115e+08","3.8403825900e+08","3.8403825900e+08"
"2020-03-20 17:40:00","8.7772357195e+08","8.7772357195e+08","4.4517640539e+08","4.4517640539e+08"
"2020-03-20 17:45:00","9.1405078113e+08","9.1405078113e+08","5.4695095530e+08","5.4695095530e+08"
"2020-03-20 17:50:00","9.8800474177e+08","9.8800474177e+08","5.3410558015e+08","5.3410558015e+08"
"2020-03-20 17:55:00","9.6844221249e+08","9.6844221249e+08","4.6226090489e+08","4.6226090489e+08"
"2020-03-20 18:00:00","9.1226838555e+08","9.1226838555e+08","4.0349152391e+08","4.0349152391e+08"
"2020-03-20 18:05:00","9.1181316976e+08","9.1181316976e+08","3.9481199880e+08","3.9481199880e+08"
"2020-03-20 18:10:00","8.6969272940e+08","8.6969272940e+08","4.9843268701e+08","4.9843268701e+08"
"2020-03-20 18:15:00","8.5539679807e+08","8.5539679807e+08","3.5502218835e+08","3.5502218835e+08"
"2020-03-20 18:20:00","8.5126887770e+08","8.5126887770e+08","3.4907289478e+08","3.4907289478e+08"
"2020-03-20 18:25:00","8.6227545115e+08","8.6227545115e+08","4.4336107856e+08","4.4336107856e+08"
"2020-03-20 18:30:00","8.3918094540e+08","8.3918094540e+08","3.8423208271e+08","3.8423208271e+08"
"2020-03-20 18:35:00","9.4117160138e+08","9.4117160138e+08","3.7208680256e+08","3.7208680256e+08"
"2020-03-20 18:40:00","9.2177286787e+08","9.2177286787e+08","3.4453384388e+08","3.4453384388e+08"
"2020-03-20 18:45:00","9.3093212129e+08","9.3093212129e+08","2.9428742761e+08","2.9428742761e+08"
"2020-03-20 18:50:00","1.0268708327e+09","1.0268708327e+09","2.7346507051e+08","2.7346507051e+08"
"2020-03-20 18:55:00","1.1836117565e+09","1.1836117565e+09","3.1029213750e+08","3.1029213750e+08"
"2020-03-20 19:00:00","1.0613654744e+09","1.0613654744e+09","3.9833372507e+08","3.9833372507e+08"
"2020-03-20 19:05:00","9.6991810812e+08","9.6991810812e+08","3.2139946452e+08","3.2139946452e+08"
"2020-03-20 19:10:00","1.0983131340e+09","1.0983131340e+09","3.9285968413e+08","3.9285968413e+08"
"2020-03-20 19:15:00","1.0507694578e+09","1.0507694578e+09","4.0204575162e+08","4.0204575162e+08"
"2020-03-20 19:20:00","1.0907982337e+09","1.0907982337e+09","3.7647656662e+08","3.7647656662e+08"
"2020-03-20 19:25:00","1.0573923856e+09","1.0573923856e+09","3.1899339451e+08","3.1899339451e+08"
"2020-03-20 19:30:00","1.2007858192e+09","1.2007858192e+09","3.1866841015e+08","3.1866841015e+08"
"2020-03-20 19:35:00","1.0039430120e+09","1.0039430120e+09","3.3765416989e+08","3.3765416989e+08"
"2020-03-20 19:40:00","9.5993294532e+08","9.5993294532e+08","3.4234355625e+08","3.4234355625e+08"
"2020-03-20 19:45:00","9.9497248589e+08","9.9497248589e+08","3.6914471016e+08","3.6914471016e+08"
"2020-03-20 19:50:00","9.6553182744e+08","9.6553182744e+08","3.7081254389e+08","3.7081254389e+08"
"2020-03-20 19:55:00","9.7944652834e+08","9.7944652834e+08","3.9438883685e+08","3.9438883685e+08"
"2020-03-20 20:00:00","9.8421700306e+08","9.8421700306e+08","3.4403840315e+08","3.4403840315e+08"
"2020-03-20 20:05:00","1.0084358261e+09","1.0084358261e+09","4.0737248121e+08","4.0737248121e+08"
"2020-03-20 20:10:00","1.0991308325e+09","1.0991308325e+09","4.4085674860e+08","4.4085674860e+08"
"2020-03-20 20:15:00","1.0745993951e+09","1.0745993951e+09","3.9832260466e+08","3.9832260466e+08"
"2020-03-20 20:20:00","1.0237881161e+09","1.0237881161e+09","3.3581770032e+08","3.3581770032e+08"
"2020-03-20 20:25:00","1.0090323729e+09","1.0090323729e+09","2.9267847326e+08","2.9267847326e+08"
"2020-03-20 20:30:00","9.8441650330e+08","9.8441650330e+08","3.3609261989e+08","3.3609261989e+08"
"2020-03-20 20:35:00","9.8628903596e+08","9.8628903596e+08","3.3337318236e+08","3.3337318236e+08"
"2020-03-20 20:40:00","1.0280137473e+09","1.0280137473e+09","4.0466990150e+08","4.0466990150e+08"
"2020-03-20 20:45:00","1.0609504907e+09","1.0609504907e+09","3.0875083353e+08","3.0875083353e+08"
"2020-03-20 20:50:00","1.0052342377e+09","1.0052342377e+09","3.3897581025e+08","3.3897581025e+08"
"2020-03-20 20:55:00","1.0456406696e+09","1.0456406696e+09","3.5392848336e+08","3.5392848336e+08"
"2020-03-20 21:00:00","1.0891632684e+09","1.0891632684e+09","3.7782987438e+08","3.7782987438e+08"
"2020-03-20 21:05:00","1.0341016266e+09","1.0341016266e+09","3.1798883260e+08","3.1798883260e+08"
"2020-03-20 21:10:00","1.0085026224e+09","1.0085026224e+09","4.5304390849e+08","4.5304390849e+08"
"2020-03-20 21:15:00","1.0022732076e+09","1.0022732076e+09","3.2591586452e+08","3.2591586452e+08"
"2020-03-20 21:20:00","1.0625095357e+09","1.0625095357e+09","3.5679999846e+08","3.5679999846e+08"
"2020-03-20 21:25:00","1.0127716978e+09","1.0127716978e+09","3.2108168258e+08","3.2108168258e+08"
"2020-03-20 21:30:00","1.0694714639e+09","1.0694714639e+09","3.0884826694e+08","3.0884826694e+08"
"2020-03-20 21:35:00","1.0484495838e+09","1.0484495838e+09","3.0722570673e+08","3.0722570673e+08"
"2020-03-20 21:40:00","1.0588979972e+09","1.0588979972e+09","3.2852753589e+08","3.2852753589e+08"
"2020-03-20 21:45:00","1.0487140906e+09","1.0487140906e+09","3.3390501439e+08","3.3390501439e+08"
"2020-03-20 21:50:00","9.7639827306e+08","9.7639827306e+08","3.3271860720e+08","3.3271860720e+08"
"2020-03-20 21:55:00","1.0395082695e+09","1.0395082695e+09","3.4766821451e+08","3.4766821451e+08"
"2020-03-20 22:00:00","9.2072962233e+08","9.2072962233e+08","3.2572529019e+08","3.2572529019e+08"
"2020-03-20 22:05:00","8.8526263924e+08","8.8526263924e+08","3.4685753439e+08","3.4685753439e+08"
"2020-03-20 22:10:00","9.3677024455e+08","9.3677024455e+08","3.4321034015e+08","3.4321034015e+08"
"2020-03-20 22:15:00","9.4219303704e+08","9.4219303704e+08","3.1794851179e+08","3.1794851179e+08"
"2020-03-20 22:20:00","1.0520234106e+09","1.0520234106e+09","2.9962022221e+08","2.9962022221e+08"
"2020-03-20 22:25:00","1.0529150107e+09","1.0529150107e+09","3.9725752204e+08","3.9725752204e+08"
"2020-03-20 22:30:00","8.7301600199e+08","8.7301600199e+08","3.3185376882e+08","3.3185376882e+08"
"2020-03-20 22:35:00","8.2298818116e+08","8.2298818116e+08","4.6359368976e+08","4.6359368976e+08"
"2020-03-20 22:40:00","8.2934627901e+08","8.2934627901e+08","3.9341799154e+08","3.9341799154e+08"
"2020-03-20 22:45:00","7.7708819814e+08","7.7708819814e+08","4.6774347371e+08","4.6774347371e+08"
"2020-03-20 22:50:00","7.7558352977e+08","7.7558352977e+08","4.4156136223e+08","4.4156136223e+08"
"2020-03-20 22:55:00","7.4206894718e+08","7.4206894718e+08","4.0705743650e+08","4.0705743650e+08"
"2020-03-20 23:00:00","7.3726281329e+08","7.3726281329e+08","4.0140184066e+08","4.0140184066e+08"
"2020-03-20 23:05:00","6.9525310855e+08","6.9525310855e+08","3.6093068371e+08","3.6093068371e+08"
"2020-03-20 23:10:00","7.0728658607e+08","7.0728658607e+08","3.7458038458e+08","3.7458038458e+08"
"2020-03-20 23:15:00","7.4646073349e+08","7.4646073349e+08","4.1143500497e+08","4.1143500497e+08"
"2020-03-20 23:20:00","7.1731219404e+08","7.1731219404e+08","4.3774089493e+08","4.3774089493e+08"
"2020-03-20 23:25:00","7.4812439217e+08","7.4812439217e+08","4.2604100545e+08","4.2604100545e+08"
"2020-03-20 23:30:00","6.8406384376e+08","6.8406384376e+08","4.3961262880e+08","4.3961262880e+08"
"2020-03-20 23:35:00","7.6274194884e+08","7.6274194884e+08","6.0535693617e+08","6.0535693617e+08"
"2020-03-20 23:40:00","7.6565087634e+08","7.6565087634e+08","4.9033661807e+08","4.9033661807e+08"
"2020-03-20 23:45:00","7.4106768078e+08","7.4106768078e+08","5.3193423477e+08","5.3193423477e+08"
"2020-03-20 23:50:00","7.1971295874e+08","7.1971295874e+08","5.0196555234e+08","5.0196555234e+08"
"2020-03-20 23:55:00","6.6256114677e+08","6.6256114677e+08","4.3601188018e+08","4.3601188018e+08"
"2020-03-21 00:00:00","6.1879977078e+08","6.1879977078e+08","4.5522361213e+08","4.5522361213e+08"
