"Title:","mx1.fra.de - Traffic - ae2 - LAG INFRASTRUCTURE BACKBONE GEN SRF0000001 | FRA-GEN | Coriant G30 300G"
"Vertical Label:","bits per second"
"Start Date:","2020-03-29 23:05:00"
"End Date:","2020-03-31 01:00:00"
"Step:","300"
"Total Rows:","312"
"Graph ID:","48189"
"Host ID:","167"
"Nth Percentile:","55073674095.2","|95:bits:0:current:2|"
"Nth Percentile:","57885064133.6","|95:bits:0:current:2|"
""
"Date","Inbound","Peak","Outbound","Peak"
"2020-03-29 23:05:00","2.7265200943e+10","2.7265200943e+10","3.0722975481e+10","3.0722975481e+10"
"2020-03-29 23:10:00","3.5328946886e+10","3.5328946886e+10","3.3245692811e+10","3.3245692811e+10"
"2020-03-29 23:15:00","2.9833348825e+10","2.9833348825e+10","4.1814481489e+10","4.1814481489e+10"
"2020-03-29 23:20:00","3.0690646050e+10","3.0690646050e+10","3.7995793875e+10","3.7995793875e+10"
"2020-03-29 23:25:00","2.6266540712e+10","2.6266540712e+10","3.3661994455e+10","3.3661994455e+10"
"2020-03-29 23:30:00","3.6930063146e+10","3.6930063146e+10","3.8210383811e+10","3.8210383811e+10"
"2020-03-29 23:35:00","3.2138963156e+10","3.2138963156e+10","4.0088132208e+10","4.0088132208e+10"
"2020-03-29 23:40:00","3.0256693948e+10","3.0256693948e+10","3.8851366427e+10","3.8851366427e+10"
"2020-03-29 23:45:00","3.3177221591e+10","3.3177221591e+10","4.2205593659e+10","4.2205593659e+10"
"2020-03-29 23:50:00","2.9497611208e+10","2.9497611208e+10","4.3397230854e+10","4.3397230854e+10"
"2020-03-29 23:55:00","3.0762367892e+10","3.0762367892e+10","4.3596337271e+10","4.3596337271e+10"
"2020-03-30 00:00:00","3.4429990891e+10","3.4429990891e+10","4.7185181534e+10","4.7185181534e+10"
"2020-03-30 00:05:00","3.2330577229e+10","3.2330577229e+10","3.7425571040e+10","3.7425571040e+10"
"2020-03-30 00:10:00","2.8765106333e+10","2.8765106333e+10","3.6162442759e+10","3.6162442759e+10"
"2020-03-30 00:15:00","2.7686629562e+10","2.7686629562e+10","3.7658214427e+10","3.7658214427e+10"
"2020-03-30 00:20:00","2.5306234809e+10","2.5306234809e+10","4.1844414071e+10","4.1844414071e+10"
"2020-03-30 00:25:00","3.1321250754e+10","3.1321250754e+10","3.9990882397e+10","3.9990882397e+10"
"2020-03-30 00:30:00","2.9536754942e+10","2.9536754942e+10","3.7053017477e+10","3.7053017477e+10"
"2020-03-30 00:35:00","3.5303616686e+10","3.5303616686e+10","3.7437958333e+10","3.7437958333e+10"
"2020-03-30 00:40:00","3.1009671855e+10","3.1009671855e+10","3.9211253737e+10","3.9211253737e+10"
"2020-03-30 00:45:00","3.0692533529e+10","3.0692533529e+10","4.3028103911e+10","4.3028103911e+10"
"2020-03-30 00:50:00","2.5464179239e+10","2.5464179239e+10","4.2539657385e+10","4.2539657385e+10"
"2020-03-30 00:55:00","2.4287309527e+10","2.4287309527e+10","4.1350554779e+10","4.1350554779e+10"
"2020-03-30 01:00:00","2.5439613998e+10","2.5439613998e+10","3.5662837767e+10","3.5662837767e+10"
"2020-03-30 01:05:00","3.2185627502e+10","3.2185627502e+10","3.3223611897e+10","3.3223611897e+10"
"2020-03-30 01:10:00","3.1487432652e+10","3.1487432652e+10","3.5152843701e+10","3.5152843701e+10"
"2020-03-30 01:15:00","2.2967845272e+10","2.2967845272e+10","3.2035724849e+10","3.2035724849e+10"
"2020-03-30 01:20:00","2.6843498696e+10","2.6843498696e+10","3.0761315485e+10","3.0761315485e+10"
"2020-03-30 01:25:00","2.7691609377e+10","2.7691609377e+10","2.9040052838e+10","2.9040052838e+10"
"2020-03-30 01:30:00","2.3717991403e+10","2.3717991403e+10","3.1158091579e+10","3.1158091579e+10"
"2020-03-30 01:35:00","2.8153120811e+10","2.8153120811e+10","2.8681281035e+10","2.8681281035e+10"
"2020-03-30 01:40:00","2.5348343685e+10","2.5348343685e+10","2.8111673563e+10","2.8111673563e+10"
"2020-03-30 01:45:00","2.4445214367e+10","2.4445214367e+10","3.1499745184e+10","3.1499745184e+10"
"2020-03-30 01:50:00","2.3946411661e+10","2.3946411661e+10","3.0139335886e+10","3.0139335886e+10"
"2020-03-30 01:55:00","2.4218734276e+10","2.4218734276e+10","3.2103965424e+10","3.2103965424e+10"
"2020-03-30 02:00:00","2.4137216252e+10","2.4137216252e+10","3.5036025046e+10","3.5036025046e+10"
"2020-03-30 02:05:00","2.2861791269e+10","2.2861791269e+10","3.2727738267e+10","3.2727738267e+10"
"2020-03-30 02:10:00","2.4979119642e+10","2.4979119642e+10","3.5944618350e+10","3.5944618350e+10"
"2020-03-30 02:15:00","2.3567469663e+10","2.3567469663e+10","3.5464741226e+10","3.5464741226e+10"
"2020-03-30 02:20:00","2.7088188673e+10","2.7088188673e+10","3.3012944682e+10","3.3012944682e+10"
"2020-03-30 02:25:00","2.4270714380e+10","2.4270714380e+10","2.6156993894e+10","2.6156993894e+10"
"2020-03-30 02:30:00","2.6287765872e+10","2.6287765872e+10","2.8994995905e+10","2.8994995905e+10"
"2020-03-30 02:35:00","2.5262398937e+10","2.5262398937e+10","4.6991122505e+10","4.6991122505e+10"
"2020-03-30 02:40:00","3.1866628938e+10","3.1866628938e+10","7.1436039002e+10","7.1436039002e+10"
"2020-03-30 02:45:00","3.2007949033e+10","3.2007949033e+10","6.4886188926e+10","6.4886188926e+10"
"2020-03-30 02:50:00","3.1658638850e+10","3.1658638850e+10","5.8269896708e+10","5.8269896708e+10"
"2020-03-30 02:55:00","2.9137108815e+10","2.9137108815e+10","3.6333617013e+10","3.6333617013e+10"
"2020-03-30 03:00:00","3.7220233339e+10","3.7220233339e+10","3.8471280046e+10","3.8471280046e+10"
"2020-03-30 03:05:00","4.3475696723e+10","4.3475696723e+10","3.1314916415e+10","3.1314916415e+10"
"2020-03-30 03:10:00","4.3058057872e+10","4.3058057872e+10","2.9497003288e+10","2.9497003288e+10"
"2020-03-30 03:15:00","4.2651539844e+10","4.2651539844e+10","2.8561414787e+10","2.8561414787e+10"
"2020-03-30 03:20:00","4.8956489141e+10","4.8956489141e+10","2.3918498452e+10","2.3918498452e+10"
"2020-03-30 03:25:00","4.2189662726e+10","4.2189662726e+10","3.0957495428e+10","3.0957495428e+10"
"2020-03-30 03:30:00","4.1228751335e+10","4.1228751335e+10","3.7835473651e+10","3.7835473651e+10"
"2020-03-30 03:35:00","3.9146924622e+10","3.9146924622e+10","3.0204371402e+10","3.0204371402e+10"
"2020-03-30 03:40:00","3.7263777959e+10","3.7263777959e+10","2.5598801381e+10","2.5598801381e+10"
"2020-03-30 03:45:00","3.7954038783e+10","3.7954038783e+10","3.2292679192e+10","3.2292679192e+10"
"2020-03-30 03:50:00","4.1218630666e+10","4.1218630666e+10","2.9051705486e+10","2.9051705486e+10"
"2020-03-30 03:55:00","4.0333828467e+10","4.0333828467e+10","2.8998130515e+10","2.8998130515e+10"
"2020-03-30 04:00:00","3.7795568259e+10","3.7795568259e+10","3.0633995920e+10","3.0633995920e+10"
"2020-03-30 04:05:00","3.1463169275e+10","3.1463169275e+10","2.7199264398e+10","2.7199264398e+10"
"2020-03-30 04:10:00","3.4927698462e+10","3.4927698462e+10","2.8127424455e+10","2.8127424455e+10"
"2020-03-30 04:15:00","3.3013493378e+10","3.3013493378e+10","2.8195535929e+10","2.8195535929e+10"
"2020-03-30 04:20:00","3.2100598058e+10","3.2100598058e+10","2.7834157783e+10","2.7834157783e+10"
"2020-03-30 04:25:00","3.6563737981e+10","3.6563737981e+10","2.8251078914e+10","2.8251078914e+10"
"2020-03-30 04:30:00","3.7074681355e+10","3.7074681355e+10","3.3998576394e+10","3.3998576394e+10"
"2020-03-30 04:35:00","3.5225399825e+10","3.5225399825e+10","2.9456572511e+10","2.9456572511e+10"
"2020-03-30 04:40:00","3.4364873472e+10","3.4364873472e+10","2.5918403989e+10","2.5918403989e+10"
"2020-03-30 04:45:00","3.3160439339e+10","3.3160439339e+10","2.5925869534e+10","2.5925869534e+10"
"2020-03-30 04:50:00","4.3360823284e+10","4.3360823284e+10","2.7488725805e+10","2.7488725805e+10"
"2020-03-30 04:55:00","4.4312452389e+10","4.4312452389e+10","2.8706747258e+10","2.8706747258e+10"
"2020-03-30 05:00:00","4.4439029997e+10","4.4439029997e+10","3.1547259266e+10","3.1547259266e+10"
"2020-03-30 05:05:00","5.0421434766e+10","5.0421434766e+10","3.3886612031e+10","3.3886612031e+10"
"2020-03-30 05:10:00","4.3341140880e+10","4.3341140880e+10","3.1222439744e+10","3.1222439744e+10"
"2020-03-30 05:15:00","3.5741723887e+10","3.5741723887e+10","2.9946133398e+10","2.9946133398e+10"
"2020-03-30 05:20:00","4.1179722939e+10","4.1179722939e+10","3.1900014976e+10","3.1900014976e+10"
"2020-03-30 05:25:00","5.2454899164e+10","5.2454899164e+10","2.8456256030e+10","2.8456256030e+10"
"2020-03-30 05:30:00","4.0961530363e+10","4.0961530363e+10","3.2962123620e+10","3.2962123620e+10"
"2020-03-30 05:35:00","3.6782983619e+10","3.6782983619e+10","6.1310278833e+10","6.1310278833e+10"
"2020-03-30 05:40:00","4.1101562383e+10","4.1101562383e+10","4.0276196972e+10","4.0276196972e+10"
"2020-03-30 05:45:00","3.8757199663e+10","3.8757199663e+10","3.1763505495e+10","3.1763505495e+10"
"2020-03-30 05:50:00","3.1494827776e+10","3.1494827776e+10","3.0006898238e+10","3.0006898238e+10"
"2020-03-30 05:55:00","3.2306888941e+10","3.2306888941e+10","3.4381993196e+10","3.4381993196e+10"
"2020-03-30 06:00:00","3.5859424672e+10","3.5859424672e+10","3.8552017587e+10","3.8552017587e+10"
"2020-03-30 06:05:00","3.7385807131e+10","3.7385807131e+10","4.7168217567e+10","4.7168217567e+10"
"2020-03-30 06:10:00","3.7154214728e+10","3.7154214728e+10","4.3185995836e+10","4.3185995836e+10"
"2020-03-30 06:15:00","3.4957820259e+10","3.4957820259e+10","4.2110051422e+10","4.2110051422e+10"
"2020-03-30 06:20:00","3.4616033474e+10","3.4616033474e+10","4.3923285546e+10","4.3923285546e+10"
"2020-03-30 06:25:00","5.3009512362e+10","5.3009512362e+10","4.2924623341e+10","4.2924623341e+10"
"2020-03-30 06:30:00","4.9315355698e+10","4.9315355698e+10","3.8806017764e+10","3.8806017764e+10"
"2020-03-30 06:35:00","4.4933890816e+10","4.4933890816e+10","4.0483427374e+10","4.0483427374e+10"
"2020-03-30 06:40:00","4.1686359821e+10","4.1686359821e+10","4.0087228925e+10","4.0087228925e+10"
"2020-03-30 06:45:00","3.6197187392e+10","3.6197187392e+10","3.9054799420e+10","3.9054799420e+10"
"2020-03-30 06:50:00","3.8612452840e+10","3.8612452840e+10","4.2090036264e+10","4.2090036264e+10"
"2020-03-30 06:55:00","3.7534163214e+10","3.7534163214e+10","3.8907232337e+10","3.8907232337e+10"
"2020-03-30 07:00:00","4.1318453149e+10","4.1318453149e+10","3.8577082646e+10","3.8577082646e+10"
"2020-03-30 07:05:00","3.4821641969e+10","3.4821641969e+10","3.7664093478e+10","3.7664093478e+10"
"2020-03-30 07:10:00","4.1236916080e+10","4.1236916080e+10","3.4652046968e+10","3.4652046968e+10"
"2020-03-30 07:15:00","4.6633743222e+10","4.6633743222e+10","3.8666498620e+10","3.8666498620e+10"
"2020-03-30 07:20:00","5.4724270473e+10","5.4724270473e+10","4.3585547592e+10","4.3585547592e+10"
"2020-03-30 07:25:00","5.5926967096e+10","5.5926967096e+10","3.2373621840e+10","3.2373621840e+10"
"2020-03-30 07:30:00","4.3518162528e+10","4.3518162528e+10","3.2860436626e+10","3.2860436626e+10"
"2020-03-30 07:35:00","3.8759590519e+10","3.8759590519e+10","3.4517193728e+10","3.4517193728e+10"
"2020-03-30 07:40:00","3.4592629038e+10","3.4592629038e+10","3.5443641398e+10","3.5443641398e+10"
"2020-03-30 07:45:00","3.6697568288e+10","3.6697568288e+10","3.7325497591e+10","3.7325497591e+10"
"2020-03-30 07:50:00","3.7563980904e+10","3.7563980904e+10","3.5349363482e+10","3.5349363482e+10"
"2020-03-30 07:55:00","4.1456812063e+10","4.1456812063e+10","3.6114999787e+10","3.6114999787e+10"
"2020-03-30 08:00:00","3.8656491921e+10","3.8656491921e+10","3.4536173369e+10","3.4536173369e+10"
"2020-03-30 08:05:00","3.3413376809e+10","3.3413376809e+10","3.8634810557e+10","3.8634810557e+10"
"2020-03-30 08:10:00","4.1427961832e+10","4.1427961832e+10","4.2737857222e+10","4.2737857222e+10"
"2020-03-30 08:15:00","4.0656399831e+10","4.0656399831e+10","3.8007248302e+10","3.8007248302e+10"
"2020-03-30 08:20:00","4.3323975661e+10","4.3323975661e+10","3.7634163384e+10","3.7634163384e+10"
"2020-03-30 08:25:00","4.4807275868e+10","4.4807275868e+10","3.4424735858e+10","3.4424735858e+10"
"2020-03-30 08:30:00","4.5622008606e+10","4.5622008606e+10","4.3694765513e+10","4.3694765513e+10"
"2020-03-30 08:35:00","3.8718493427e+10","3.8718493427e+10","3.9254734062e+10","3.9254734062e+10"
"2020-03-30 08:40:00","3.3063130481e+10","3.3063130481e+10","3.5451047677e+10","3.5451047677e+10"
"2020-03-30 08:45:00","3.9001259521e+10","3.9001259521e+10","3.8892290711e+10","3.8892290711e+10"
"2020-03-30 08:50:00","4.1242408599e+10","4.1242408599e+10","3.2382975614e+10","3.2382975614e+10"
"2020-03-30 08:55:00","4.1356298770e+10","4.1356298770e+10","3.1999517752e+10","3.1999517752e+10"
"2020-03-30 09:00:00","3.6398741542e+10","3.6398741542e+10","4.6555562738e+10","4.6555562738e+10"
"2020-03-30 09:05:00","3.7610728003e+10","3.7610728003e+10","3.5837705003e+10","3.5837705003e+10"
"2020-03-30 09:10:00","2.9029547279e+10","2.9029547279e+10","3.3162223709e+10","3.3162223709e+10"
"2020-03-30 09:15:00","3.5084258931e+10","3.5084258931e+10","3.7205320891e+10","3.7205320891e+10"
"2020-03-30 09:20:00","3.5593363087e+10","3.5593363087e+10","3.4901187012e+10","3.4901187012e+10"
"2020-03-30 09:25:00","3.8843362616e+10","3.8843362616e+10","3.9714427762e+10","3.9714427762e+10"
"2020-03-30 09:30:00","4.4104317534e+10","4.4104317534e+10","4.1729636676e+10","4.1729636676e+10"
"2020-03-30 09:35:00","4.3120605515e+10","4.3120605515e+10","5.3650791966e+10","5.3650791966e+10"
"2020-03-30 09:40:00","4.5525653623e+10","4.5525653623e+10","3.6921633639e+10","3.6921633639e+10"
"2020-03-30 09:45:00","4.9607561345e+10","4.9607561345e+10","3.6529214222e+10","3.6529214222e+10"
"2020-03-30 09:50:00","4.3465113049e+10","4.3465113049e+10","3.8397085849e+10","3.8397085849e+10"
"2020-03-30 09:55:00","4.8434174610e+10","4.8434174610e+10","3.6823220561e+10","3.6823220561e+10"
"2020-03-30 10:00:00","3.9760773270e+10","3.9760773270e+10","3.7079166289e+10","3.7079166289e+10"
"2020-03-30 10:05:00","3.9283941458e+10","3.9283941458e+10","4.8584063973e+10","4.8584063973e+10"
"2020-03-30 10:10:00","3.7189116619e+10","3.7189116619e+10","3.8887236029e+10","3.8887236029e+10"
"2020-03-30 10:15:00","3.3940842278e+10","3.3940842278e+10","4.1666045991e+10","4.1666045991e+10"
"2020-03-30 10:20:00","3.7352184795e+10","3.7352184795e+10","4.1474828000e+10","4.1474828000e+10"
"2020-03-30 10:25:00","4.5528206814e+10","4.5528206814e+10","3.7152775430e+10","3.7152775430e+10"
"2020-03-30 10:30:00","4.4927056760e+10","4.4927056760e+10","4.3049916867e+10","4.3049916867e+10"
"2020-03-30 10:35:00","3.3483087776e+10","3.3483087776e+10","4.4815950728e+10","4.4815950728e+10"
"2020-03-30 10:40:00","3.5985755125e+10","3.5985755125e+10","4.1134919469e+10","4.1134919469e+10"
"2020-03-30 10:45:00","4.0199441838e+10","4.0199441838e+10","4.3427147900e+10","4.3427147900e+10"
"2020-03-30 10:50:00","5.6566078061e+10","5.6566078061e+10","4.5230095632e+10","4.5230095632e+10"
"2020-03-30 10:55:00","5.7821455476e+10","5.7821455476e+10","4.0347166610e+10","4.0347166610e+10"
"2020-03-30 11:00:00","4.4877867864e+10","4.4877867864e+10","3.9296308146e+10","3.9296308146e+10"
"2020-03-30 11:05:00","3.9298548976e+10","3.9298548976e+10","4.0556198640e+10","4.0556198640e+10"
"2020-03-30 11:10:00","3.6206349104e+10","3.6206349104e+10","3.7877265845e+10","3.7877265845e+10"
"2020-03-30 11:15:00","3.3678520958e+10","3.3678520958e+10","3.6977804212e+10","3.6977804212e+10"
"2020-03-30 11:20:00","4.0723705359e+10","4.0723705359e+10","3.7024581475e+10","3.7024581475e+10"
"2020-03-30 11:25:00","4.2322838979e+10","4.2322838979e+10","3.6446141513e+10","3.6446141513e+10"
"2020-03-30 11:30:00","4.2295810989e+10","4.2295810989e+10","3.4715872808e+10","3.4715872808e+10"
"2020-03-30 11:35:00","4.5538961803e+10","4.5538961803e+10","3.6947843145e+10","3.6947843145e+10"
"2020-03-30 11:40:00","3.9969676217e+10","3.9969676217e+10","6.8606046629e+10","6.8606046629e+10"
"2020-03-30 11:45:00","4.8401441838e+10","4.8401441838e+10","3.4333752486e+10","3.4333752486e+10"
"2020-03-30 11:50:00","4.4743463959e+10","4.4743463959e+10","3.1579057148e+10","3.1579057148e+10"
"2020-03-30 11:55:00","4.6534738225e+10","4.6534738225e+10","3.6053296648e+10","3.6053296648e+10"
"2020-03-30 12:00:00","5.5289577502e+10","5.5289577502e+10","4.0705570348e+10","4.0705570348e+10"
"2020-03-30 12:05:00","4.5695030379e+10","4.5695030379e+10","3.8727570115e+10","3.8727570115e+10"
"2020-03-30 12:10:00","3.7163612399e+10","3.7163612399e+10","3.9079093214e+10","3.9079093214e+10"
"2020-03-30 12:15:00","4.3135399387e+10","4.3135399387e+10","3.7187950129e+10","3.7187950129e+10"
"2020-03-30 12:20:00","3.1200457285e+10","3.1200457285e+10","5.1686842470e+10","5.1686842470e+10"
"2020-03-30 12:25:00","3.7392107245e+10","3.7392107245e+10","5.3786776256e+10","5.3786776256e+10"
"2020-03-30 12:30:00","5.1206102215e+10","5.1206102215e+10","5.1273110908e+10","5.1273110908e+10"
"2020-03-30 12:35:00","4.6278472202e+10","4.6278472202e+10","5.3140788579e+10","5.3140788579e+10"
"2020-03-30 12:40:00","4.2909328035e+10","4.2909328035e+10","4.4134429418e+10","4.4134429418e+10"
"2020-03-30 12:45:00","3.7720660941e+10","3.7720660941e+10","3.9132123511e+10","3.9132123511e+10"
"2020-03-30 12:50:00","5.0646198268e+10","5.0646198268e+10","3.5037684991e+10","3.5037684991e+10"
"2020-03-30 12:55:00","5.5838466136e+10","5.5838466136e+10","3.6072939504e+10","3.6072939504e+10"
"2020-03-30 13:00:00","4.8826389236e+10","4.8826389236e+10","3.7892868296e+10","3.7892868296e+10"
"2020-03-30 13:05:00","5.2807409641e+10","5.2807409641e+10","3.9020227295e+10","3.9020227295e+10"
"2020-03-30 13:10:00","4.0765577311e+10","4.0765577311e+10","3.4743305441e+10","3.4743305441e+10"
"2020-03-30 13:15:00","3.9639904389e+10","3.9639904389e+10","3.7009002205e+10","3.7009002205e+10"
"2020-03-30 13:20:00","3.7550310612e+10","3.7550310612e+10","4.4404424145e+10","4.4404424145e+10"
"2020-03-30 13:25:00","3.7975847411e+10","3.7975847411e+10","3.6050849038e+10","3.6050849038e+10"
"2020-03-30 13:30:00","3.8394798006e+10","3.8394798006e+10","3.4918314506e+10","3.4918314506e+10"
"2020-03-30 13:35:00","4.4384172411e+10","4.4384172411e+10","3.6644273146e+10","3.6644273146e+10"
"2020-03-30 13:40:00","4.3410406446e+10","4.3410406446e+10","4.4085079232e+10","4.4085079232e+10"
"2020-03-30 13:45:00","4.2011304008e+10","4.2011304008e+10","4.3966608756e+10","4.3966608756e+10"
"2020-03-30 13:50:00","3.7544050815e+10","3.7544050815e+10","4.6476540964e+10","4.6476540964e+10"
"2020-03-30 13:55:00","3.6473491015e+10","3.6473491015e+10","4.4790270623e+10","4.4790270623e+10"
"2020-03-30 14:00:00","3.1445077155e+10","3.1445077155e+10","5.9915257688e+10","5.9915257688e+10"
"2020-03-30 14:05:00","3.4991444827e+10","3.4991444827e+10","5.5240389944e+10","5.5240389944e+10"
"2020-03-30 14:10:00","3.8179372388e+10","3.8179372388e+10","6.1848191225e+10","6.1848191225e+10"
"2020-03-30 14:15:00","4.0881087940e+10","4.0881087940e+10","8.5126420768e+10","8.5126420768e+10"
"2020-03-30 14:20:00","4.4478324645e+10","4.4478324645e+10","6.0474463462e+10","6.0474463462e+10"
"2020-03-30 14:25:00","3.3386331364e+10","3.3386331364e+10","3.7580977350e+10","3.7580977350e+10"
"2020-03-30 14:30:00","3.6765849542e+10","3.6765849542e+10","3.7965405119e+10","3.7965405119e+10"
"2020-03-30 14:35:00","3.8455676285e+10","3.8455676285e+10","5.4018334598e+10","5.4018334598e+10"
"2020-03-30 14:40:00","3.3253360294e+10","3.3253360294e+10","7.2826694446e+10","7.2826694446e+10"
"2020-03-30 14:45:00","3.5968736198e+10","3.5968736198e+10","7.5958277410e+10","7.5958277410e+10"
"2020-03-30 14:50:00","3.3073710934e+10","3.3073710934e+10","6.2234047988e+10","6.2234047988e+10"
"2020-03-30 14:55:00","3.9039466854e+10","3.9039466854e+10","5.4283421998e+10","5.4283421998e+10"
"2020-03-30 15:00:00","3.6464836683e+10","3.6464836683e+10","4.4742949106e+10","4.4742949106e+10"
"2020-03-30 15:05:00","3.2936482344e+10","3.2936482344e+10","3.7566555108e+10","3.7566555108e+10"
"2020-03-30 15:10:00","3.3705300644e+10","3.3705300644e+10","3.8888569587e+10","3.8888569587e+10"
"2020-03-30 15:15:00","4.2919797123e+10","4.2919797123e+10","4.3705535436e+10","4.3705535436e+10"
"2020-03-30 15:20:00","3.5656371773e+10","3.5656371773e+10","4.2123466439e+10","4.2123466439e+10"
"2020-03-30 15:25:00","3.4878457168e+10","3.4878457168e+10","3.6524797953e+10","3.6524797953e+10"
"2020-03-30 15:30:00","3.1247072421e+10","3.1247072421e+10","3.3938220594e+10","3.3938220594e+10"
"2020-03-30 15:35:00","3.1680011378e+10","3.1680011378e+10","3.1619800436e+10","3.1619800436e+10"
"2020-03-30 15:40:00","3.0540393761e+10","3.0540393761e+10","3.3249810560e+10","3.3249810560e+10"
"2020-03-30 15:45:00","3.2254994741e+10","3.2254994741e+10","3.3394843051e+10","3.3394843051e+10"
"2020-03-30 15:50:00","3.4886818225e+10","3.4886818225e+10","3.5006189457e+10","3.5006189457e+10"
"2020-03-30 15:55:00","3.3169614642e+10","3.3169614642e+10","3.0531269295e+10","3.0531269295e+10"
"2020-03-30 16:00:00","4.4202432669e+10","4.4202432669e+10","3.8434231921e+10","3.8434231921e+10"
"2020-03-30 16:05:00","4.6641308003e+10","4.6641308003e+10","3.9030336893e+10","3.9030336893e+10"
"2020-03-30 16:10:00","4.5050269060e+10","4.5050269060e+10","3.5866957286e+10","3.5866957286e+10"
"2020-03-30 16:15:00","4.0214617955e+10","4.0214617955e+10","3.7214825220e+10","3.7214825220e+10"
"2020-03-30 16:20:00","3.3408209147e+10","3.3408209147e+10","3.7609376246e+10","3.7609376246e+10"
"2020-03-30 16:25:00","4.3429134136e+10","4.3429134136e+10","3.8271447999e+10","3.8271447999e+10"
"2020-03-30 16:30:00","3.6557786468e+10","3.6557786468e+10","3.8423473804e+10","3.8423473804e+10"
"2020-03-30 16:35:00","3.5680144740e+10","3.5680144740e+10","3.7779495223e+10","3.7779495223e+10"
"2020-03-30 16:40:00","3.2747890255e+10","3.2747890255e+10","4.2848129913e+10","4.2848129913e+10"
"2020-03-30 16:45:00","3.2429971749e+10","3.2429971749e+10","3.9418095010e+10","3.9418095010e+10"
"2020-03-30 16:50:00","2.9831838710e+10","2.9831838710e+10","5.0209808422e+10","5.0209808422e+10"
"2020-03-30 16:55:00","2.7721371334e+10","2.7721371334e+10","6.4679588498e+10","6.4679588498e+10"
"2020-03-30 17:00:00","2.5587354221e+10","2.5587354221e+10","7.3289580743e+10","7.3289580743e+10"
"2020-03-30 17:05:00","3.2244448792e+10","3.2244448792e+10","6.6410113085e+10","6.6410113085e+10"
"2020-03-30 17:10:00","3.2148987248e+10","3.2148987248e+10","4.7082013796e+10","4.7082013796e+10"
"2020-03-30 17:15:00","3.5073144762e+10","3.5073144762e+10","3.4924558688e+10","3.4924558688e+10"
"2020-03-30 17:20:00","3.6038964655e+10","3.6038964655e+10","3.3674546898e+10","3.3674546898e+10"
"2020-03-30 17:25:00","3.4566019797e+10","3.4566019797e+10","3.4722411097e+10","3.4722411097e+10"
"2020-03-30 17:30:00","3.6374975516e+10","3.6374975516e+10","3.7060573323e+10","3.7060573323e+10"
"2020-03-30 17:35:00","2.9481263624e+10","2.9481263624e+10","4.5767891156e+10","4.5767891156e+10"
"2020-03-30 17:40:00","2.8868154027e+10","2.8868154027e+10","3.4795447021e+10","3.4795447021e+10"
"2020-03-30 17:45:00","3.0622421809e+10","3.0622421809e+10","3.4658752337e+10","3.4658752337e+10"
"2020-03-30 17:50:00","3.4667727278e+10","3.4667727278e+10","3.0832462132e+10","3.0832462132e+10"
"2020-03-30 17:55:00","3.7710770072e+10","3.7710770072e+10","3.2317867843e+10","3.2317867843e+10"
"2020-03-30 18:00:00","2.9659008828e+10","2.9659008828e+10","2.9743210846e+10","2.9743210846e+10"
"2020-03-30 18:05:00","3.3741777988e+10","3.3741777988e+10","2.8213639375e+10","2.8213639375e+10"
"2020-03-30 18:10:00","3.3332815217e+10","3.3332815217e+10","2.8280226019e+10","2.8280226019e+10"
"2020-03-30 18:15:00","2.9208471326e+10","2.9208471326e+10","2.9391947892e+10","2.9391947892e+10"
"2020-03-30 18:20:00","3.7466664099e+10","3.7466664099e+10","2.5730763211e+10","2.5730763211e+10"
"2020-03-30 18:25:00","3.7109133611e+10","3.7109133611e+10","2.5213892251e+10","2.5213892251e+10"
"2020-03-30 18:30:00","3.6213508371e+10","3.6213508371e+10","2.6985524917e+10","2.6985524917e+10"
"2020-03-30 18:35:00","4.1283881262e+10","4.1283881262e+10","2.7489718232e+10","2.7489718232e+10"
"2020-03-30 18:40:00","3.7209286977e+10","3.7209286977e+10","2.8874320535e+10","2.8874320535e+10"
"2020-03-30 18:45:00","3.4498066699e+10","3.4498066699e+10","3.2478627008e+10","3.2478627008e+10"
"2020-03-30 18:50:00","3.8521479508e+10","3.8521479508e+10","4.2287958038e+10","4.2287958038e+10"
"2020-03-30 18:55:00","4.6910930797e+10","4.6910930797e+10","3.8079703114e+10","3.8079703114e+10"
"2020-03-30 19:00:00","4.9349697676e+10","4.9349697676e+10","4.0096582756e+10","4.0096582756e+10"
"2020-03-30 19:05:00","4.5945372924e+10","4.5945372924e+10","4.4463169815e+10","4.4463169815e+10"
"2020-03-30 19:10:00","4.6493249669e+10","4.6493249669e+10","3.8296448015e+10","3.8296448015e+10"
"2020-03-30 19:15:00","4.3457097493e+10","4.3457097493e+10","3.9539267151e+10","3.9539267151e+10"
"2020-03-30 19:20:00","4.4712830746e+10","4.4712830746e+10","3.0100025810e+10","3.0100025810e+10"
"2020-03-30 19:25:00","4.9092267670e+10","4.9092267670e+10","3.3516866486e+10","3.3516866486e+10"
"2020-03-30 19:30:00","5.5894114940e+10","5.5894114940e+10","3.1782675974e+10","3.1782675974e+10"
"2020-03-30 19:35:00","4.7236170103e+10","4.7236170103e+10","3.3520295782e+10","3.3520295782e+10"
"2020-03-30 19:40:00","4.6534273036e+10","4.6534273036e+10","3.6883272400e+10","3.6883272400e+10"
"2020-03-30 19:45:00","4.7285190683e+10","4.7285190683e+10","3.7396793694e+10","3.7396793694e+10"
"2020-03-30 19:50:00","5.5366974794e+10","5.5366974794e+10","3.5714617828e+10","3.5714617828e+10"
"2020-03-30 19:55:00","5.5226355405e+10","5.5226355405e+10","3.6980268966e+10","3.6980268966e+10"
"2020-03-30 20:00:00","6.1284478925e+10","6.1284478925e+10","3.8110749508e+10","3.8110749508e+10"
"2020-03-30 20:05:00","5.5508500898e+10","5.5508500898e+10","3.5080027552e+10","3.5080027552e+10"
"2020-03-30 20:10:00","5.0393710423e+10","5.0393710423e+10","3.0968790365e+10","3.0968790365e+10"
"2020-03-30 20:15:00","5.0513579368e+10","5.0513579368e+10","3.1559038367e+10","3.1559038367e+10"
"2020-03-30 20:20:00","4.3167879570e+10","4.3167879570e+10","3.6687169558e+10","3.6687169558e+10"
"2020-03-30 20:25:00","4.8088974980e+10","4.8088974980e+10","3.2154746152e+10","3.2154746152e+10"
"2020-03-30 20:30:00","4.3649622800e+10","4.3649622800e+10","3.2734844492e+10","3.2734844492e+10"
"2020-03-30 20:35:00","4.5342576776e+10","4.5342576776e+10","3.0327045940e+10","3.0327045940e+10"
"2020-03-30 20:40:00","4.0342798343e+10","4.0342798343e+10","3.3793947244e+10","3.3793947244e+10"
"2020-03-30 20:45:00","4.0554125485e+10","4.0554125485e+10","3.2557693433e+10","3.2557693433e+10"
"2020-03-30 20:50:00","3.9184517024e+10","3.9184517024e+10","2.9767713453e+10","2.9767713453e+10"
"2020-03-30 20:55:00","3.9190669360e+10","3.9190669360e+10","3.1393165157e+10","3.1393165157e+10"
"2020-03-30 21:00:00","3.6023863477e+10","3.6023863477e+10","3.1025043023e+10","3.1025043023e+10"
"2020-03-30 21:05:00","4.0783346099e+10","4.0783346099e+10","3.1710507625e+10","3.1710507625e+10"
"2020-03-30 21:10:00","3.6044201279e+10","3.6044201279e+10","3.4435359898e+10","3.4435359898e+10"
"2020-03-30 21:15:00","3.8778698321e+10","3.8778698321e+10","3.2275342181e+10","3.2275342181e+10"
"2020-03-30 21:20:00","5.0961061109e+10","5.0961061109e+10","3.0962781207e+10","3.0962781207e+10"
"2020-03-30 21:25:00","4.9477281469e+10","4.9477281469e+10","3.1631993397e+10","3.1631993397e+10"
"2020-03-30 21:30:00","5.2270002932e+10","5.2270002932e+10","3.2400103678e+10","3.2400103678e+10"
"2020-03-30 21:35:00","5.2551977924e+10","5.2551977924e+10","2.9312575787e+10","2.9312575787e+10"
"2020-03-30 21:40:00","5.2083669344e+10","5.2083669344e+10","3.2463663268e+10","3.2463663268e+10"
"2020-03-30 21:45:00","5.3700792741e+10","5.3700792741e+10","3.2580098792e+10","3.2580098792e+10"
"2020-03-30 21:50:00","5.9166013909e+10","5.9166013909e+10","3.7809593214e+10","3.7809593214e+10"
"2020-03-30 21:55:00","4.8568776494e+10","4.8568776494e+10","3.2685312048e+10","3.2685312048e+10"
"2020-03-30 22:00:00","4.9522699931e+10","4.9522699931e+10","3.6090136951e+10","3.6090136951e+10"
"2020-03-30 22:05:00","3.6459218404e+10","3.6459218404e+10","3.2740779957e+10","3.2740779957e+10"
"2020-03-30 22:10:00","4.0747020354e+10","4.0747020354e+10","3.0525868698e+10","3.0525868698e+10"
"2020-03-30 22:15:00","3.8153630847e+10","3.8153630847e+10","2.9866090829e+10","2.9866090829e+10"
"2020-03-30 22:20:00","3.6798158786e+10","3.6798158786e+10","3.6405795965e+10","3.6405795965e+10"
"2020-03-30 22:25:00","4.2231560825e+10","4.2231560825e+10","3.8636397164e+10","3.8636397164e+10"
"2020-03-30 22:30:00","4.2039796355e+10","4.2039796355e+10","4.1941239680e+10","4.1941239680e+10"
"2020-03-30 22:35:00","4.1358238488e+10","4.1358238488e+10","5.1726461251e+10","5.1726461251e+10"
"2020-03-30 22:40:00","4.8651801862e+10","4.8651801862e+10","5.6504654557e+10","5.6504654557e+10"
"2020-03-30 22:45:00","4.3133342775e+10","4.3133342775e+10","5.0847507308e+10","5.0847507308e+10"
"2020-03-30 22:50:00","4.1827267495e+10","4.1827267495e+10","4.5333560032e+10","4.5333560032e+10"
"2020-03-30 22:55:00","4.1058451182e+10","4.1058451182e+10","4.1429131134e+10","4.1429131134e+10"
"2020-03-30 23:00:00","4.4192864114e+10","4.4192864114e+10","4.0183842227e+10","4.0183842227e+10"
"2020-03-30 23:05:00","5.6657433983e+10","5.6657433983e+10","4.9571823904e+10","4.9571823904e+10"
"2020-03-30 23:10:00","4.8527931602e+10","4.8527931602e+10","5.7659031659e+10","5.7659031659e+10"
"2020-03-30 23:15:00","4.8653755054e+10","4.8653755054e+10","5.7885064134e+10","5.7885064134e+10"
"2020-03-30 23:20:00","4.9585083836e+10","4.9585083836e+10","5.3173983924e+10","5.3173983924e+10"
"2020-03-30 23:25:00","4.8970025665e+10","4.8970025665e+10","4.6547667125e+10","4.6547667125e+10"
"2020-03-30 23:30:00","4.7769678404e+10","4.7769678404e+10","4.7121624284e+10","4.7121624284e+10"
"2020-03-30 23:35:00","4.8911987506e+10","4.8911987506e+10","4.5146734296e+10","4.5146734296e+10"
"2020-03-30 23:40:00","6.0825105145e+10","6.0825105145e+10","4.1738909131e+10","4.1738909131e+10"
"2020-03-30 23:45:00","5.1151173912e+10","5.1151173912e+10","3.9810739895e+10","3.9810739895e+10"
"2020-03-30 23:50:00","4.4829765103e+10","4.4829765103e+10","4.3251411407e+10","4.3251411407e+10"
"2020-03-30 23:55:00","5.1219221215e+10","5.1219221215e+10","4.2928010627e+10","4.2928010627e+10"
"2020-03-31 00:00:00","5.5625291291e+10","5.5625291291e+10","4.4691685687e+10","4.4691685687e+10"
"2020-03-31 00:05:00","4.8098547422e+10","4.8098547422e+10","4.3592526394e+10","4.3592526394e+10"
"2020-03-31 00:10:00","5.3317989113e+10","5.3317989113e+10","4.0858019274e+10","4.0858019274e+10"
"2020-03-31 00:15:00","5.5119087139e+10","5.5119087139e+10","4.6911480837e+10","4.6911480837e+10"
"2020-03-31 00:20:00","4.6812215338e+10","4.6812215338e+10","4.2370267079e+10","4.2370267079e+10"
"2020-03-31 00:25:00","4.7261631754e+10","4.7261631754e+10","3.8221311017e+10","3.8221311017e+10"
"2020-03-31 00:30:00","4.7858272113e+10","4.7858272113e+10","3.5189616301e+10","3.5189616301e+10"
"2020-03-31 00:35:00","4.9810686633e+10","4.9810686633e+10","3.6944079349e+10","3.6944079349e+10"
"2020-03-31 00:40:00","4.6401233156e+10","4.6401233156e+10","3.1879115747e+10","3.1879115747e+10"
"2020-03-31 00:45:00","5.5073674095e+10","5.5073674095e+10","3.5417030558e+10","3.5417030558e+10"
"2020-03-31 00:50:00","5.1144960961e+10","5.1144960961e+10","3.4776339633e+10","3.4776339633e+10"
"2020-03-31 00:55:00","4.9153078152e+10","4.9153078152e+10","3.4529980334e+10","3.4529980334e+10"
"2020-03-31 01:00:00","4.7163103366e+10","4.7163103366e+10","3.7643566259e+10","3.7643566259e+10"
