"Title:","mx1.gen.ch - Traffic - ae5 - LAG INFRASTRUCTURE BACKBONE GEN SRF0000001 | GEN-PAR | Coriant G30 300G"
"Vertical Label:","bits per second"
"Start Date:","2020-03-24 22:05:00"
"End Date:","2020-03-26 00:00:00"
"Step:","300"
"Total Rows:","312"
"Graph ID:","48177"
"Host ID:","164"
"Nth Percentile:","41733248983.2","|95:bits:0:current:2|"
"Nth Percentile:","80550468624","|95:bits:0:current:2|"
""
"Date","Inbound","Peak","Outbound","Peak"
"2020-03-24 22:05:00","2.7024433529e+10","2.7024433529e+10","4.5570848098e+10","4.5570848098e+10"
"2020-03-24 22:10:00","2.2034659160e+10","2.2034659160e+10","4.2896639269e+10","4.2896639269e+10"
"2020-03-24 22:15:00","2.5433011856e+10","2.5433011856e+10","4.1351541809e+10","4.1351541809e+10"
"2020-03-24 22:20:00","2.0092487719e+10","2.0092487719e+10","3.8467641421e+10","3.8467641421e+10"
"2020-03-24 22:25:00","2.2377385301e+10","2.2377385301e+10","4.0768139641e+10","4.0768139641e+10"
"2020-03-24 22:30:00","2.3986289727e+10","2.3986289727e+10","3.5801021630e+10","3.5801021630e+10"
"2020-03-24 22:35:00","2.5838449022e+10","2.5838449022e+10","4.7641641803e+10","4.7641641803e+10"
"2020-03-24 22:40:00","1.9995108971e+10","1.9995108971e+10","3.7881793639e+10","3.7881793639e+10"
"2020-03-24 22:45:00","2.8996862628e+10","2.8996862628e+10","3.4011370406e+10","3.4011370406e+10"
"2020-03-24 22:50:00","3.6558689751e+10","3.6558689751e+10","5.6396939519e+10","5.6396939519e+10"
"2020-03-24 22:55:00","2.4411567016e+10","2.4411567016e+10","4.3918742687e+10","4.3918742687e+10"
"2020-03-24 23:00:00","2.1574285611e+10","2.1574285611e+10","3.9798008485e+10","3.9798008485e+10"
"2020-03-24 23:05:00","2.3125750316e+10","2.3125750316e+10","3.9820267767e+10","3.9820267767e+10"
"2020-03-24 23:10:00","2.0899285357e+10","2.0899285357e+10","4.3891003626e+10","4.3891003626e+10"
"2020-03-24 23:15:00","2.1152427310e+10","2.1152427310e+10","4.0791809411e+10","4.0791809411e+10"
"2020-03-24 23:20:00","2.5698319399e+10","2.5698319399e+10","3.7379175638e+10","3.7379175638e+10"
"2020-03-24 23:25:00","2.7498708768e+10","2.7498708768e+10","4.4329777374e+10","4.4329777374e+10"
"2020-03-24 23:30:00","2.4447798057e+10","2.4447798057e+10","4.2733231248e+10","4.2733231248e+10"
"2020-03-24 23:35:00","2.7583568030e+10","2.7583568030e+10","4.6248700629e+10","4.6248700629e+10"
"2020-03-24 23:40:00","2.9903136497e+10","2.9903136497e+10","4.3688480906e+10","4.3688480906e+10"
"2020-03-24 23:45:00","3.6001925451e+10","3.6001925451e+10","4.9214797698e+10","4.9214797698e+10"
"2020-03-24 23:50:00","2.8615770835e+10","2.8615770835e+10","4.8162086227e+10","4.8162086227e+10"
"2020-03-24 23:55:00","2.3855484190e+10","2.3855484190e+10","5.4223548448e+10","5.4223548448e+10"
"2020-03-25 00:00:00","2.7208351832e+10","2.7208351832e+10","4.4993541411e+10","4.4993541411e+10"
"2020-03-25 00:05:00","2.7018171868e+10","2.7018171868e+10","4.9960922358e+10","4.9960922358e+10"
"2020-03-25 00:10:00","2.9633612391e+10","2.9633612391e+10","4.2579111930e+10","4.2579111930e+10"
"2020-03-25 00:15:00","2.7853325494e+10","2.7853325494e+10","3.6074091453e+10","3.6074091453e+10"
"2020-03-25 00:20:00","2.5052731022e+10","2.5052731022e+10","3.8159743792e+10","3.8159743792e+10"
"2020-03-25 00:25:00","2.3761791348e+10","2.3761791348e+10","4.0175864296e+10","4.0175864296e+10"
"2020-03-25 00:30:00","2.4693329144e+10","2.4693329144e+10","4.1821672896e+10","4.1821672896e+10"
"2020-03-25 00:35:00","2.3052451580e+10","2.3052451580e+10","4.4198169202e+10","4.4198169202e+10"
"2020-03-25 00:40:00","2.6751261786e+10","2.6751261786e+10","6.2151499961e+10","6.2151499961e+10"
"2020-03-25 00:45:00","2.8397065627e+10","2.8397065627e+10","5.6723795900e+10","5.6723795900e+10"
"2020-03-25 00:50:00","2.5313931759e+10","2.5313931759e+10","4.9145885314e+10","4.9145885314e+10"
"2020-03-25 00:55:00","2.2578355216e+10","2.2578355216e+10","5.0008448541e+10","5.0008448541e+10"
"2020-03-25 01:00:00","2.2266679904e+10","2.2266679904e+10","4.3148813543e+10","4.3148813543e+10"
"2020-03-25 01:05:00","2.6520050006e+10","2.6520050006e+10","4.1721228560e+10","4.1721228560e+10"
"2020-03-25 01:10:00","2.6227132812e+10","2.6227132812e+10","4.0593380153e+10","4.0593380153e+10"
"2020-03-25 01:15:00","2.7030640119e+10","2.7030640119e+10","3.9613983794e+10","3.9613983794e+10"
"2020-03-25 01:20:00","3.2670974247e+10","3.2670974247e+10","5.0625763800e+10","5.0625763800e+10"
"2020-03-25 01:25:00","3.2903566781e+10","3.2903566781e+10","4.6613515809e+10","4.6613515809e+10"
"2020-03-25 01:30:00","3.0528606192e+10","3.0528606192e+10","4.9645067621e+10","4.9645067621e+10"
"2020-03-25 01:35:00","3.1329163422e+10","3.1329163422e+10","4.5961319702e+10","4.5961319702e+10"
"2020-03-25 01:40:00","2.7609103339e+10","2.7609103339e+10","4.7241405437e+10","4.7241405437e+10"
"2020-03-25 01:45:00","3.5739238472e+10","3.5739238472e+10","5.1379026672e+10","5.1379026672e+10"
"2020-03-25 01:50:00","3.7894194131e+10","3.7894194131e+10","4.9443603651e+10","4.9443603651e+10"
"2020-03-25 01:55:00","3.7298242740e+10","3.7298242740e+10","4.6783922638e+10","4.6783922638e+10"
"2020-03-25 02:00:00","4.8689473822e+10","4.8689473822e+10","4.1487218013e+10","4.1487218013e+10"
"2020-03-25 02:05:00","3.9096785417e+10","3.9096785417e+10","3.9969744279e+10","3.9969744279e+10"
"2020-03-25 02:10:00","2.8075782622e+10","2.8075782622e+10","5.0771620856e+10","5.0771620856e+10"
"2020-03-25 02:15:00","3.4236523296e+10","3.4236523296e+10","4.7430998710e+10","4.7430998710e+10"
"2020-03-25 02:20:00","3.0665042018e+10","3.0665042018e+10","4.5170182657e+10","4.5170182657e+10"
"2020-03-25 02:25:00","2.7834671575e+10","2.7834671575e+10","3.8697676199e+10","3.8697676199e+10"
"2020-03-25 02:30:00","2.5436843245e+10","2.5436843245e+10","3.8724546926e+10","3.8724546926e+10"
"2020-03-25 02:35:00","2.1643612760e+10","2.1643612760e+10","3.9410264336e+10","3.9410264336e+10"
"2020-03-25 02:40:00","2.6838297755e+10","2.6838297755e+10","3.9389365712e+10","3.9389365712e+10"
"2020-03-25 02:45:00","2.5941608636e+10","2.5941608636e+10","3.7750914573e+10","3.7750914573e+10"
"2020-03-25 02:50:00","2.5890173456e+10","2.5890173456e+10","3.6699201847e+10","3.6699201847e+10"
"2020-03-25 02:55:00","2.0184848721e+10","2.0184848721e+10","3.6403490279e+10","3.6403490279e+10"
"2020-03-25 03:00:00","2.3552773291e+10","2.3552773291e+10","4.0415056133e+10","4.0415056133e+10"
"2020-03-25 03:05:00","2.2855684333e+10","2.2855684333e+10","3.9700863253e+10","3.9700863253e+10"
"2020-03-25 03:10:00","1.9505144919e+10","1.9505144919e+10","4.5803755858e+10","4.5803755858e+10"
"2020-03-25 03:15:00","2.3040183611e+10","2.3040183611e+10","4.0717258090e+10","4.0717258090e+10"
"2020-03-25 03:20:00","2.5740651180e+10","2.5740651180e+10","4.0538780995e+10","4.0538780995e+10"
"2020-03-25 03:25:00","4.1679354820e+10","4.1679354820e+10","3.7279591256e+10","3.7279591256e+10"
"2020-03-25 03:30:00","3.6154601837e+10","3.6154601837e+10","3.5823695269e+10","3.5823695269e+10"
"2020-03-25 03:35:00","3.7862076143e+10","3.7862076143e+10","3.7499147119e+10","3.7499147119e+10"
"2020-03-25 03:40:00","3.1921175915e+10","3.1921175915e+10","3.8421179005e+10","3.8421179005e+10"
"2020-03-25 03:45:00","2.8538699771e+10","2.8538699771e+10","4.1744395673e+10","4.1744395673e+10"
"2020-03-25 03:50:00","2.7347537489e+10","2.7347537489e+10","4.3995654921e+10","4.3995654921e+10"
"2020-03-25 03:55:00","3.7238797944e+10","3.7238797944e+10","4.3527809115e+10","4.3527809115e+10"
"2020-03-25 04:00:00","3.0548278196e+10","3.0548278196e+10","3.5628857689e+10","3.5628857689e+10"
"2020-03-25 04:05:00","3.2997947394e+10","3.2997947394e+10","3.6189786517e+10","3.6189786517e+10"
"2020-03-25 04:10:00","2.9127276586e+10","2.9127276586e+10","3.6278199039e+10","3.6278199039e+10"
"2020-03-25 04:15:00","3.3705402931e+10","3.3705402931e+10","4.5871065899e+10","4.5871065899e+10"
"2020-03-25 04:20:00","3.2319996377e+10","3.2319996377e+10","3.8476410850e+10","3.8476410850e+10"
"2020-03-25 04:25:00","2.7054195323e+10","2.7054195323e+10","3.2063443677e+10","3.2063443677e+10"
"2020-03-25 04:30:00","3.4265933381e+10","3.4265933381e+10","7.5324774177e+10","7.5324774177e+10"
"2020-03-25 04:35:00","3.1483556274e+10","3.1483556274e+10","3.8816796546e+10","3.8816796546e+10"
"2020-03-25 04:40:00","2.6847544170e+10","2.6847544170e+10","3.8259677279e+10","3.8259677279e+10"
"2020-03-25 04:45:00","2.7298250598e+10","2.7298250598e+10","4.5537489889e+10","4.5537489889e+10"
"2020-03-25 04:50:00","2.4752164587e+10","2.4752164587e+10","3.4635583931e+10","3.4635583931e+10"
"2020-03-25 04:55:00","2.9656311099e+10","2.9656311099e+10","3.7045810530e+10","3.7045810530e+10"
"2020-03-25 05:00:00","2.4293110092e+10","2.4293110092e+10","3.6038974903e+10","3.6038974903e+10"
"2020-03-25 05:05:00","2.9435923820e+10","2.9435923820e+10","3.8252818026e+10","3.8252818026e+10"
"2020-03-25 05:10:00","2.9897838127e+10","2.9897838127e+10","3.6667583675e+10","3.6667583675e+10"
"2020-03-25 05:15:00","3.2250835706e+10","3.2250835706e+10","4.1979322019e+10","4.1979322019e+10"
"2020-03-25 05:20:00","2.8717337237e+10","2.8717337237e+10","3.3806458699e+10","3.3806458699e+10"
"2020-03-25 05:25:00","2.1939557287e+10","2.1939557287e+10","3.3777649614e+10","3.3777649614e+10"
"2020-03-25 05:30:00","3.0312169488e+10","3.0312169488e+10","5.5212212496e+10","5.5212212496e+10"
"2020-03-25 05:35:00","2.6187068214e+10","2.6187068214e+10","8.3853398331e+10","8.3853398331e+10"
"2020-03-25 05:40:00","2.8139830134e+10","2.8139830134e+10","4.1928949137e+10","4.1928949137e+10"
"2020-03-25 05:45:00","2.8286180204e+10","2.8286180204e+10","3.7734231516e+10","3.7734231516e+10"
"2020-03-25 05:50:00","3.0286177350e+10","3.0286177350e+10","4.8082532207e+10","4.8082532207e+10"
"2020-03-25 05:55:00","2.6065774143e+10","2.6065774143e+10","4.0783800515e+10","4.0783800515e+10"
"2020-03-25 06:00:00","2.8791239475e+10","2.8791239475e+10","4.4414537811e+10","4.4414537811e+10"
"2020-03-25 06:05:00","2.9199195296e+10","2.9199195296e+10","7.5157906561e+10","7.5157906561e+10"
"2020-03-25 06:10:00","3.0013348401e+10","3.0013348401e+10","4.7493810662e+10","4.7493810662e+10"
"2020-03-25 06:15:00","3.3425959196e+10","3.3425959196e+10","4.0813465570e+10","4.0813465570e+10"
"2020-03-25 06:20:00","3.6333708583e+10","3.6333708583e+10","6.4138471042e+10","6.4138471042e+10"
"2020-03-25 06:25:00","3.1707337580e+10","3.1707337580e+10","8.9285857048e+10","8.9285857048e+10"
"2020-03-25 06:30:00","2.8301463065e+10","2.8301463065e+10","4.1493611375e+10","4.1493611375e+10"
"2020-03-25 06:35:00","3.2162720194e+10","3.2162720194e+10","4.6892417016e+10","4.6892417016e+10"
"2020-03-25 06:40:00","2.8748912417e+10","2.8748912417e+10","5.6520068630e+10","5.6520068630e+10"
"2020-03-25 06:45:00","3.7390346372e+10","3.7390346372e+10","5.2811359190e+10","5.2811359190e+10"
"2020-03-25 06:50:00","3.5788914014e+10","3.5788914014e+10","6.1003183396e+10","6.1003183396e+10"
"2020-03-25 06:55:00","3.9150319801e+10","3.9150319801e+10","5.6508859844e+10","5.6508859844e+10"
"2020-03-25 07:00:00","3.5761140324e+10","3.5761140324e+10","6.2751339820e+10","6.2751339820e+10"
"2020-03-25 07:05:00","3.0343816037e+10","3.0343816037e+10","5.0001695861e+10","5.0001695861e+10"
"2020-03-25 07:10:00","3.0561733112e+10","3.0561733112e+10","7.2118477622e+10","7.2118477622e+10"
"2020-03-25 07:15:00","2.7894239923e+10","2.7894239923e+10","1.1787122901e+11","1.1787122901e+11"
"2020-03-25 07:20:00","3.2997414588e+10","3.2997414588e+10","7.2650016926e+10","7.2650016926e+10"
"2020-03-25 07:25:00","2.9393638588e+10","2.9393638588e+10","5.1716309146e+10","5.1716309146e+10"
"2020-03-25 07:30:00","2.7624078851e+10","2.7624078851e+10","3.1094022880e+10","3.1094022880e+10"
"2020-03-25 07:35:00","2.5662396313e+10","2.5662396313e+10","4.1180727245e+10","4.1180727245e+10"
"2020-03-25 07:40:00","2.7749791717e+10","2.7749791717e+10","4.1202368226e+10","4.1202368226e+10"
"2020-03-25 07:45:00","3.1579266677e+10","3.1579266677e+10","4.2654432742e+10","4.2654432742e+10"
"2020-03-25 07:50:00","3.1273294866e+10","3.1273294866e+10","3.4899569431e+10","3.4899569431e+10"
"2020-03-25 07:55:00","3.4808537277e+10","3.4808537277e+10","2.9941046396e+10","2.9941046396e+10"
"2020-03-25 08:00:00","4.1925140393e+10","4.1925140393e+10","8.0550468627e+10","8.0550468627e+10"
"2020-03-25 08:05:00","5.4088565278e+10","5.4088565278e+10","1.1767638275e+11","1.1767638275e+11"
"2020-03-25 08:10:00","5.1826511728e+10","5.1826511728e+10","9.4440292271e+10","9.4440292271e+10"
"2020-03-25 08:15:00","4.9004828341e+10","4.9004828341e+10","4.6964262008e+10","4.6964262008e+10"
"2020-03-25 08:20:00","4.6812821301e+10","4.6812821301e+10","4.7653969735e+10","4.7653969735e+10"
"2020-03-25 08:25:00","5.2705488971e+10","5.2705488971e+10","5.0191052002e+10","5.0191052002e+10"
"2020-03-25 08:30:00","5.2018335443e+10","5.2018335443e+10","4.1337385525e+10","4.1337385525e+10"
"2020-03-25 08:35:00","3.7935004125e+10","3.7935004125e+10","4.2231006041e+10","4.2231006041e+10"
"2020-03-25 08:40:00","3.1696988960e+10","3.1696988960e+10","3.6801457794e+10","3.6801457794e+10"
"2020-03-25 08:45:00","3.7120240807e+10","3.7120240807e+10","4.0505318895e+10","4.0505318895e+10"
"2020-03-25 08:50:00","5.0238912967e+10","5.0238912967e+10","6.0690238987e+10","6.0690238987e+10"
"2020-03-25 08:55:00","4.2664528842e+10","4.2664528842e+10","1.1011584387e+11","1.1011584387e+11"
"2020-03-25 09:00:00","4.1733248983e+10","4.1733248983e+10","8.9525125820e+10","8.9525125820e+10"
"2020-03-25 09:05:00","3.4582553263e+10","3.4582553263e+10","4.9181972229e+10","4.9181972229e+10"
"2020-03-25 09:10:00","3.9449762377e+10","3.9449762377e+10","4.6591912227e+10","4.6591912227e+10"
"2020-03-25 09:15:00","3.3890661699e+10","3.3890661699e+10","3.9342377305e+10","3.9342377305e+10"
"2020-03-25 09:20:00","3.4078947704e+10","3.4078947704e+10","4.9930395516e+10","4.9930395516e+10"
"2020-03-25 09:25:00","3.5942677479e+10","3.5942677479e+10","4.4366649055e+10","4.4366649055e+10"
"2020-03-25 09:30:00","3.0153640279e+10","3.0153640279e+10","3.6511478799e+10","3.6511478799e+10"
"2020-03-25 09:35:00","2.8390786089e+10","2.8390786089e+10","3.4185717504e+10","3.4185717504e+10"
"2020-03-25 09:40:00","2.9059268212e+10","2.9059268212e+10","3.9323030208e+10","3.9323030208e+10"
"2020-03-25 09:45:00","2.5894892534e+10","2.5894892534e+10","3.9089762865e+10","3.9089762865e+10"
"2020-03-25 09:50:00","2.9129352124e+10","2.9129352124e+10","3.7101885340e+10","3.7101885340e+10"
"2020-03-25 09:55:00","2.5429513130e+10","2.5429513130e+10","6.0197551106e+10","6.0197551106e+10"
"2020-03-25 10:00:00","3.1766747001e+10","3.1766747001e+10","1.0957315066e+11","1.0957315066e+11"
"2020-03-25 10:05:00","3.0557620911e+10","3.0557620911e+10","9.1811057379e+10","9.1811057379e+10"
"2020-03-25 10:10:00","2.8461320177e+10","2.8461320177e+10","5.4006303395e+10","5.4006303395e+10"
"2020-03-25 10:15:00","2.9691567453e+10","2.9691567453e+10","4.4451359231e+10","4.4451359231e+10"
"2020-03-25 10:20:00","2.6699917966e+10","2.6699917966e+10","3.9221960968e+10","3.9221960968e+10"
"2020-03-25 10:25:00","2.7517861224e+10","2.7517861224e+10","3.2494710966e+10","3.2494710966e+10"
"2020-03-25 10:30:00","2.9383434983e+10","2.9383434983e+10","3.3002439717e+10","3.3002439717e+10"
"2020-03-25 10:35:00","3.6945651863e+10","3.6945651863e+10","3.3884038427e+10","3.3884038427e+10"
"2020-03-25 10:40:00","3.7432016913e+10","3.7432016913e+10","4.4115724367e+10","4.4115724367e+10"
"2020-03-25 10:45:00","4.0266638989e+10","4.0266638989e+10","4.7084185910e+10","4.7084185910e+10"
"2020-03-25 10:50:00","4.2027577846e+10","4.2027577846e+10","3.8149074354e+10","3.8149074354e+10"
"2020-03-25 10:55:00","3.5821058371e+10","3.5821058371e+10","5.2748877491e+10","5.2748877491e+10"
"2020-03-25 11:00:00","3.1166491593e+10","3.1166491593e+10","1.1724452660e+11","1.1724452660e+11"
"2020-03-25 11:05:00","3.2568633357e+10","3.2568633357e+10","6.0683936142e+10","6.0683936142e+10"
"2020-03-25 11:10:00","2.4389480345e+10","2.4389480345e+10","4.7165643203e+10","4.7165643203e+10"
"2020-03-25 11:15:00","2.3301084035e+10","2.3301084035e+10","3.7461240617e+10","3.7461240617e+10"
"2020-03-25 11:20:00","2.9579569279e+10","2.9579569279e+10","4.2726489748e+10","4.2726489748e+10"
"2020-03-25 11:25:00","3.0390967479e+10","3.0390967479e+10","4.2573682573e+10","4.2573682573e+10"
"2020-03-25 11:30:00","2.5339264262e+10","2.5339264262e+10","4.7750300335e+10","4.7750300335e+10"
"2020-03-25 11:35:00","2.3343375072e+10","2.3343375072e+10","4.3540908978e+10","4.3540908978e+10"
"2020-03-25 11:40:00","2.6092102556e+10","2.6092102556e+10","4.2454642213e+10","4.2454642213e+10"
"2020-03-25 11:45:00","2.9575923297e+10","2.9575923297e+10","6.3789585915e+10","6.3789585915e+10"
"2020-03-25 11:50:00","3.0656617916e+10","3.0656617916e+10","1.1036936586e+11","1.1036936586e+11"
"2020-03-25 11:55:00","3.5100799591e+10","3.5100799591e+10","5.7358330988e+10","5.7358330988e+10"
"2020-03-25 12:00:00","3.2540023072e+10","3.2540023072e+10","4.3663082190e+10","4.3663082190e+10"
"2020-03-25 12:05:00","3.1198154756e+10","3.1198154756e+10","4.4824567712e+10","4.4824567712e+10"
"2020-03-25 12:10:00","2.9680783125e+10","2.9680783125e+10","4.0796064278e+10","4.0796064278e+10"
"2020-03-25 12:15:00","3.1013578883e+10","3.1013578883e+10","3.8795571329e+10","3.8795571329e+10"
"2020-03-25 12:20:00","2.9210898354e+10","2.9210898354e+10","3.8616315245e+10","3.8616315245e+10"
"2020-03-25 12:25:00","3.0566868157e+10","3.0566868157e+10","3.9107543656e+10","3.9107543656e+10"
"2020-03-25 12:30:00","3.0145657471e+10","3.0145657471e+10","4.3322219646e+10","4.3322219646e+10"
"2020-03-25 12:35:00","3.4790622475e+10","3.4790622475e+10","9.6823579909e+10","9.6823579909e+10"
"2020-03-25 12:40:00","2.9040272925e+10","2.9040272925e+10","7.3540047755e+10","7.3540047755e+10"
"2020-03-25 12:45:00","2.9258817233e+10","2.9258817233e+10","4.8843501446e+10","4.8843501446e+10"
"2020-03-25 12:50:00","2.7388618200e+10","2.7388618200e+10","5.1226051867e+10","5.1226051867e+10"
"2020-03-25 12:55:00","2.6875419412e+10","2.6875419412e+10","4.8731744829e+10","4.8731744829e+10"
"2020-03-25 13:00:00","2.7307869903e+10","2.7307869903e+10","4.1507480026e+10","4.1507480026e+10"
"2020-03-25 13:05:00","2.4526810066e+10","2.4526810066e+10","4.1251660543e+10","4.1251660543e+10"
"2020-03-25 13:10:00","2.2587433838e+10","2.2587433838e+10","3.9544311930e+10","3.9544311930e+10"
"2020-03-25 13:15:00","2.5959923872e+10","2.5959923872e+10","3.3222657566e+10","3.3222657566e+10"
"2020-03-25 13:20:00","2.4174984283e+10","2.4174984283e+10","3.3718335393e+10","3.3718335393e+10"
"2020-03-25 13:25:00","2.2418821379e+10","2.2418821379e+10","3.5072341636e+10","3.5072341636e+10"
"2020-03-25 13:30:00","2.4371282519e+10","2.4371282519e+10","4.2134137230e+10","4.2134137230e+10"
"2020-03-25 13:35:00","2.2864520229e+10","2.2864520229e+10","3.0235434971e+10","3.0235434971e+10"
"2020-03-25 13:40:00","2.2968832615e+10","2.2968832615e+10","1.0723526500e+11","1.0723526500e+11"
"2020-03-25 13:45:00","2.3034875204e+10","2.3034875204e+10","5.5868274381e+10","5.5868274381e+10"
"2020-03-25 13:50:00","2.7718826461e+10","2.7718826461e+10","4.5104623898e+10","4.5104623898e+10"
"2020-03-25 13:55:00","2.7426749451e+10","2.7426749451e+10","4.8894318439e+10","4.8894318439e+10"
"2020-03-25 14:00:00","2.8579751229e+10","2.8579751229e+10","4.1272498601e+10","4.1272498601e+10"
"2020-03-25 14:05:00","3.1542583211e+10","3.1542583211e+10","4.5129296195e+10","4.5129296195e+10"
"2020-03-25 14:10:00","3.3045207799e+10","3.3045207799e+10","4.1455633368e+10","4.1455633368e+10"
"2020-03-25 14:15:00","3.2205604913e+10","3.2205604913e+10","4.2900176180e+10","4.2900176180e+10"
"2020-03-25 14:20:00","2.6324866788e+10","2.6324866788e+10","4.2799816486e+10","4.2799816486e+10"
"2020-03-25 14:25:00","2.6307471184e+10","2.6307471184e+10","4.0330917094e+10","4.0330917094e+10"
"2020-03-25 14:30:00","2.6942635536e+10","2.6942635536e+10","1.1817776865e+11","1.1817776865e+11"
"2020-03-25 14:35:00","2.4103434040e+10","2.4103434040e+10","4.6668871014e+10","4.6668871014e+10"
"2020-03-25 14:40:00","2.2710999803e+10","2.2710999803e+10","4.0949036891e+10","4.0949036891e+10"
"2020-03-25 14:45:00","2.1686011350e+10","2.1686011350e+10","3.3466709616e+10","3.3466709616e+10"
"2020-03-25 14:50:00","2.2239944942e+10","2.2239944942e+10","3.1599634066e+10","3.1599634066e+10"
"2020-03-25 14:55:00","2.1217896661e+10","2.1217896661e+10","4.3806851258e+10","4.3806851258e+10"
"2020-03-25 15:00:00","2.3339060547e+10","2.3339060547e+10","4.3936706733e+10","4.3936706733e+10"
"2020-03-25 15:05:00","2.4659790884e+10","2.4659790884e+10","3.6442785303e+10","3.6442785303e+10"
"2020-03-25 15:10:00","3.2849416984e+10","3.2849416984e+10","3.1973988716e+10","3.1973988716e+10"
"2020-03-25 15:15:00","2.9267118888e+10","2.9267118888e+10","5.0371128719e+10","5.0371128719e+10"
"2020-03-25 15:20:00","2.5444252858e+10","2.5444252858e+10","8.0446969263e+10","8.0446969263e+10"
"2020-03-25 15:25:00","2.6703597714e+10","2.6703597714e+10","4.4517406772e+10","4.4517406772e+10"
"2020-03-25 15:30:00","2.8621781609e+10","2.8621781609e+10","3.9957699559e+10","3.9957699559e+10"
"2020-03-25 15:35:00","3.2569872724e+10","3.2569872724e+10","3.3263712246e+10","3.3263712246e+10"
"2020-03-25 15:40:00","2.4458178348e+10","2.4458178348e+10","2.6564113620e+10","2.6564113620e+10"
"2020-03-25 15:45:00","2.5307846170e+10","2.5307846170e+10","2.7816759320e+10","2.7816759320e+10"
"2020-03-25 15:50:00","2.5601627051e+10","2.5601627051e+10","2.5428651369e+10","2.5428651369e+10"
"2020-03-25 15:55:00","2.2987161045e+10","2.2987161045e+10","2.4469272068e+10","2.4469272068e+10"
"2020-03-25 16:00:00","4.6284634722e+10","4.6284634722e+10","2.7696967413e+10","2.7696967413e+10"
"2020-03-25 16:05:00","4.2830715731e+10","4.2830715731e+10","9.0469333433e+10","9.0469333433e+10"
"2020-03-25 16:10:00","3.6500211525e+10","3.6500211525e+10","4.5553862583e+10","4.5553862583e+10"
"2020-03-25 16:15:00","3.3668254047e+10","3.3668254047e+10","3.1461266639e+10","3.1461266639e+10"
"2020-03-25 16:20:00","2.5204364814e+10","2.5204364814e+10","2.7942153803e+10","2.7942153803e+10"
"2020-03-25 16:25:00","2.4310458619e+10","2.4310458619e+10","2.5493596728e+10","2.5493596728e+10"
"2020-03-25 16:30:00","2.5225758954e+10","2.5225758954e+10","2.8527012303e+10","2.8527012303e+10"
"2020-03-25 16:35:00","2.3208214078e+10","2.3208214078e+10","2.2132434629e+10","2.2132434629e+10"
"2020-03-25 16:40:00","2.7760779436e+10","2.7760779436e+10","2.0000076194e+10","2.0000076194e+10"
"2020-03-25 16:45:00","2.9650318598e+10","2.9650318598e+10","2.9621495585e+10","2.9621495585e+10"
"2020-03-25 16:50:00","2.6961688614e+10","2.6961688614e+10","4.9172542394e+10","4.9172542394e+10"
"2020-03-25 16:55:00","2.7927981483e+10","2.7927981483e+10","2.8798673668e+10","2.8798673668e+10"
"2020-03-25 17:00:00","2.5744607357e+10","2.5744607357e+10","3.0620357546e+10","3.0620357546e+10"
"2020-03-25 17:05:00","2.5936133850e+10","2.5936133850e+10","3.2838949637e+10","3.2838949637e+10"
"2020-03-25 17:10:00","2.3635396800e+10","2.3635396800e+10","2.8671315639e+10","2.8671315639e+10"
"2020-03-25 17:15:00","2.6204103171e+10","2.6204103171e+10","3.1735471569e+10","3.1735471569e+10"
"2020-03-25 17:20:00","3.1073787740e+10","3.1073787740e+10","4.0729243342e+10","4.0729243342e+10"
"2020-03-25 17:25:00","2.7836363527e+10","2.7836363527e+10","2.7291708009e+10","2.7291708009e+10"
"2020-03-25 17:30:00","2.5093828899e+10","2.5093828899e+10","3.1850292843e+10","3.1850292843e+10"
"2020-03-25 17:35:00","4.1087835121e+10","4.1087835121e+10","3.1554701549e+10","3.1554701549e+10"
"2020-03-25 17:40:00","4.1601724041e+10","4.1601724041e+10","3.1020482793e+10","3.1020482793e+10"
"2020-03-25 17:45:00","4.4381819660e+10","4.4381819660e+10","2.8006903145e+10","2.8006903145e+10"
"2020-03-25 17:50:00","3.8932647361e+10","3.8932647361e+10","4.0941718155e+10","4.0941718155e+10"
"2020-03-25 17:55:00","3.8406816611e+10","3.8406816611e+10","3.6161587632e+10","3.6161587632e+10"
"2020-03-25 18:00:00","4.0505056148e+10","4.0505056148e+10","3.4370689376e+10","3.4370689376e+10"
"2020-03-25 18:05:00","3.0271692321e+10","3.0271692321e+10","3.0937657809e+10","3.0937657809e+10"
"2020-03-25 18:10:00","2.9529642689e+10","2.9529642689e+10","3.6844775413e+10","3.6844775413e+10"
"2020-03-25 18:15:00","2.5273106250e+10","2.5273106250e+10","3.0507659261e+10","3.0507659261e+10"
"2020-03-25 18:20:00","3.3528755765e+10","3.3528755765e+10","3.3712541280e+10","3.3712541280e+10"
"2020-03-25 18:25:00","3.5627107437e+10","3.5627107437e+10","3.4720985031e+10","3.4720985031e+10"
"2020-03-25 18:30:00","3.1512612518e+10","3.1512612518e+10","3.0965813814e+10","3.0965813814e+10"
"2020-03-25 18:35:00","2.7008903446e+10","2.7008903446e+10","2.9127682544e+10","2.9127682544e+10"
"2020-03-25 18:40:00","2.6311690591e+10","2.6311690591e+10","3.3438821354e+10","3.3438821354e+10"
"2020-03-25 18:45:00","2.9378061373e+10","2.9378061373e+10","3.1042544162e+10","3.1042544162e+10"
"2020-03-25 18:50:00","3.1248974239e+10","3.1248974239e+10","3.2668314218e+10","3.2668314218e+10"
"2020-03-25 18:55:00","2.5910811443e+10","2.5910811443e+10","3.2682876749e+10","3.2682876749e+10"
"2020-03-25 19:00:00","3.0106958727e+10","3.0106958727e+10","3.3389370560e+10","3.3389370560e+10"
"2020-03-25 19:05:00","2.7454789066e+10","2.7454789066e+10","4.3309358346e+10","4.3309358346e+10"
"2020-03-25 19:10:00","2.8136497138e+10","2.8136497138e+10","4.0675052224e+10","4.0675052224e+10"
"2020-03-25 19:15:00","3.5527841667e+10","3.5527841667e+10","3.8896405451e+10","3.8896405451e+10"
"2020-03-25 19:20:00","3.0050458886e+10","3.0050458886e+10","4.4441743299e+10","4.4441743299e+10"
"2020-03-25 19:25:00","2.9469259691e+10","2.9469259691e+10","3.9341992565e+10","3.9341992565e+10"
"2020-03-25 19:30:00","3.5753702773e+10","3.5753702773e+10","5.6303972054e+10","5.6303972054e+10"
"2020-03-25 19:35:00","4.1842507384e+10","4.1842507384e+10","4.2828240454e+10","4.2828240454e+10"
"2020-03-25 19:40:00","3.0448569943e+10","3.0448569943e+10","4.4978764639e+10","4.4978764639e+10"
"2020-03-25 19:45:00","2.5182644836e+10","2.5182644836e+10","5.2238074600e+10","5.2238074600e+10"
"2020-03-25 19:50:00","2.3283522284e+10","2.3283522284e+10","5.4173927342e+10","5.4173927342e+10"
"2020-03-25 19:55:00","3.3825196532e+10","3.3825196532e+10","4.9549182232e+10","4.9549182232e+10"
"2020-03-25 20:00:00","4.0368096584e+10","4.0368096584e+10","4.8864085770e+10","4.8864085770e+10"
"2020-03-25 20:05:00","3.0776531477e+10","3.0776531477e+10","5.2065522828e+10","5.2065522828e+10"
"2020-03-25 20:10:00","2.9160831885e+10","2.9160831885e+10","4.9119850216e+10","4.9119850216e+10"
"2020-03-25 20:15:00","3.4051284953e+10","3.4051284953e+10","5.3790533492e+10","5.3790533492e+10"
"2020-03-25 20:20:00","3.8307393766e+10","3.8307393766e+10","3.5529626135e+10","3.5529626135e+10"
"2020-03-25 20:25:00","3.3918689754e+10","3.3918689754e+10","3.2943612030e+10","3.2943612030e+10"
"2020-03-25 20:30:00","3.4068030887e+10","3.4068030887e+10","3.4600944818e+10","3.4600944818e+10"
"2020-03-25 20:35:00","3.2838880338e+10","3.2838880338e+10","3.3855687182e+10","3.3855687182e+10"
"2020-03-25 20:40:00","3.4090170069e+10","3.4090170069e+10","2.8403245228e+10","2.8403245228e+10"
"2020-03-25 20:45:00","2.8445677592e+10","2.8445677592e+10","3.6876960736e+10","3.6876960736e+10"
"2020-03-25 20:50:00","2.3814610373e+10","2.3814610373e+10","3.6713452547e+10","3.6713452547e+10"
"2020-03-25 20:55:00","2.2064570754e+10","2.2064570754e+10","3.2860782271e+10","3.2860782271e+10"
"2020-03-25 21:00:00","2.3355971404e+10","2.3355971404e+10","2.8965452768e+10","2.8965452768e+10"
"2020-03-25 21:05:00","2.3539231762e+10","2.3539231762e+10","2.7050040207e+10","2.7050040207e+10"
"2020-03-25 21:10:00","2.2930372775e+10","2.2930372775e+10","2.4627821719e+10","2.4627821719e+10"
"2020-03-25 21:15:00","2.4801955046e+10","2.4801955046e+10","2.9275955473e+10","2.9275955473e+10"
"2020-03-25 21:20:00","2.1895647480e+10","2.1895647480e+10","3.1549451746e+10","3.1549451746e+10"
"2020-03-25 21:25:00","1.9937943626e+10","1.9937943626e+10","2.1754819456e+10","2.1754819456e+10"
"2020-03-25 21:30:00","2.3691815767e+10","2.3691815767e+10","2.5770166434e+10","2.5770166434e+10"
"2020-03-25 21:35:00","2.6662261128e+10","2.6662261128e+10","3.1606885976e+10","3.1606885976e+10"
"2020-03-25 21:40:00","3.0786972933e+10","3.0786972933e+10","3.1694749215e+10","3.1694749215e+10"
"2020-03-25 21:45:00","3.2264845338e+10","3.2264845338e+10","4.0271304654e+10","4.0271304654e+10"
"2020-03-25 21:50:00","2.8437896320e+10","2.8437896320e+10","4.1737186731e+10","4.1737186731e+10"
"2020-03-25 21:55:00","3.1726321120e+10","3.1726321120e+10","4.4829750549e+10","4.4829750549e+10"
"2020-03-25 22:00:00","2.8520214174e+10","2.8520214174e+10","4.1242950277e+10","4.1242950277e+10"
"2020-03-25 22:05:00","2.9054704462e+10","2.9054704462e+10","4.5751234467e+10","4.5751234467e+10"
"2020-03-25 22:10:00","2.3340759572e+10","2.3340759572e+10","4.6892377568e+10","4.6892377568e+10"
"2020-03-25 22:15:00","2.4394615996e+10","2.4394615996e+10","4.4324240596e+10","4.4324240596e+10"
"2020-03-25 22:20:00","2.7794715812e+10","2.7794715812e+10","3.9968144834e+10","3.9968144834e+10"
"2020-03-25 22:25:00","2.7317144429e+10","2.7317144429e+10","3.7697864676e+10","3.7697864676e+10"
"2020-03-25 22:30:00","2.3547136520e+10","2.3547136520e+10","2.7764505160e+10","2.7764505160e+10"
"2020-03-25 22:35:00","2.0370481781e+10","2.0370481781e+10","2.7183081346e+10","2.7183081346e+10"
"2020-03-25 22:40:00","2.3712319021e+10","2.3712319021e+10","2.9582129119e+10","2.9582129119e+10"
"2020-03-25 22:45:00","2.0380926705e+10","2.0380926705e+10","3.3663006009e+10","3.3663006009e+10"
"2020-03-25 22:50:00","2.3441423956e+10","2.3441423956e+10","3.6443257412e+10","3.6443257412e+10"
"2020-03-25 22:55:00","2.4514500953e+10","2.4514500953e+10","2.9221286351e+10","2.9221286351e+10"
"2020-03-25 23:00:00","2.8254887362e+10","2.8254887362e+10","3.6206222212e+10","3.6206222212e+10"
"2020-03-25 23:05:00","2.0989996173e+10","2.0989996173e+10","3.6387595399e+10","3.6387595399e+10"
"2020-03-25 23:10:00","2.1126574298e+10","2.1126574298e+10","3.2592863150e+10","3.2592863150e+10"
"2020-03-25 23:15:00","2.3685015075e+10","2.3685015075e+10","3.0386312168e+10","3.0386312168e+10"
"2020-03-25 23:20:00","1.9237345589e+10","1.9237345589e+10","2.5427107495e+10","2.5427107495e+10"
"2020-03-25 23:25:00","1.9444284176e+10","1.9444284176e+10","3.3663458480e+10","3.3663458480e+10"
"2020-03-25 23:30:00","1.9929576708e+10","1.9929576708e+10","2.5979272671e+10","2.5979272671e+10"
"2020-03-25 23:35:00","2.1620260236e+10","2.1620260236e+10","3.1131092550e+10","3.1131092550e+10"
"2020-03-25 23:40:00","1.9605655162e+10","1.9605655162e+10","2.9230318761e+10","2.9230318761e+10"
"2020-03-25 23:45:00","3.1517765314e+10","3.1517765314e+10","3.2642743641e+10","3.2642743641e+10"
"2020-03-25 23:50:00","3.6306009731e+10","3.6306009731e+10","3.6071030186e+10","3.6071030186e+10"
"2020-03-25 23:55:00","2.5007733524e+10","2.5007733524e+10","4.3874020603e+10","4.3874020603e+10"
"2020-03-26 00:00:00","2.4189812525e+10","2.4189812525e+10","4.5000003204e+10","4.5000003204e+10"
