DATE,PLAT,PLAT_peak,ATPL,ATPL_peak
2020-03-14 22:05:00,7.0553455657e+08,7.0553455657e+08,3.0415995999e+07,3.0415995999e+07
2020-03-14 22:10:00,5.7256212171e+08,5.7256212171e+08,1.2354037417e+08,1.2354037417e+08
2020-03-14 22:15:00,5.1908990329e+08,5.1908990329e+08,7.9444422587e+07,7.9444422587e+07
2020-03-14 22:20:00,4.7242086832e+08,4.7242086832e+08,1.9495813725e+07,1.9495813725e+07
2020-03-14 22:25:00,6.0831380072e+08,6.0831380072e+08,1.8036748586e+07,1.8036748586e+07
2020-03-14 22:30:00,5.6578573489e+08,5.6578573489e+08,1.7101390296e+07,1.7101390296e+07
2020-03-14 22:35:00,4.7457735906e+08,4.7457735906e+08,1.5981375160e+07,1.5981375160e+07
2020-03-14 22:40:00,5.4086265650e+08,5.4086265650e+08,5.5415922003e+07,5.5415922003e+07
2020-03-14 22:45:00,4.7441756752e+08,4.7441756752e+08,1.5660308494e+07,1.5660308494e+07
2020-03-14 22:50:00,4.2788486101e+08,4.2788486101e+08,1.6362059736e+07,1.6362059736e+07
2020-03-14 22:55:00,5.0881518437e+08,5.0881518437e+08,1.5750128823e+07,1.5750128823e+07
2020-03-14 23:00:00,5.4527412248e+08,5.4527412248e+08,1.6046484881e+07,1.6046484881e+07
2020-03-14 23:05:00,5.3748031617e+08,5.3748031617e+08,1.8284553502e+07,1.8284553502e+07
2020-03-14 23:10:00,4.2926819776e+08,4.2926819776e+08,2.1508167085e+07,2.1508167085e+07
2020-03-14 23:15:00,4.1645918427e+08,4.1645918427e+08,1.9445098044e+07,1.9445098044e+07
2020-03-14 23:20:00,1.0048248939e+09,1.0048248939e+09,1.6349591483e+07,1.6349591483e+07
2020-03-14 23:25:00,4.2464040772e+08,4.2464040772e+08,1.9304297840e+07,1.9304297840e+07
2020-03-14 23:30:00,3.5479397089e+08,3.5479397089e+08,1.1377824566e+07,1.1377824566e+07
2020-03-14 23:35:00,3.7958961955e+08,3.7958961955e+08,2.0985454772e+07,2.0985454772e+07
2020-03-14 23:40:00,3.3091319797e+08,3.3091319797e+08,1.1530319818e+07,1.1530319818e+07
2020-03-14 23:45:00,3.2104828806e+08,3.2104828806e+08,1.3447533747e+07,1.3447533747e+07
2020-03-14 23:50:00,3.5117063527e+08,3.5117063527e+08,2.0668729422e+07,2.0668729422e+07
2020-03-14 23:55:00,3.2694173584e+08,3.2694173584e+08,5.1312438109e+08,5.1312438109e+08
2020-03-15 00:00:00,3.0871557722e+08,3.0871557722e+08,1.8845073496e+07,1.8845073496e+07
2020-03-15 00:05:00,2.8429860122e+08,2.8429860122e+08,1.3141801209e+07,1.3141801209e+07
2020-03-15 00:10:00,3.1379774715e+08,3.1379774715e+08,2.1992899527e+07,2.1992899527e+07
2020-03-15 00:15:00,3.0003975946e+08,3.0003975946e+08,2.2310223393e+07,2.2310223393e+07
2020-03-15 00:20:00,3.2670881684e+08,3.2670881684e+08,5.1907530966e+08,5.1907530966e+08
2020-03-15 00:25:00,2.6827333594e+08,2.6827333594e+08,2.5357088870e+07,2.5357088870e+07
2020-03-15 00:30:00,2.9116597111e+08,2.9116597111e+08,2.1332432984e+07,2.1332432984e+07
2020-03-15 00:35:00,3.1835089891e+08,3.1835089891e+08,1.2468133200e+08,1.2468133200e+08
2020-03-15 00:40:00,2.3323255191e+08,2.3323255191e+08,1.7010064988e+07,1.7010064988e+07
2020-03-15 00:45:00,1.8626891328e+08,1.8626891328e+08,9.3771818779e+06,9.3771818779e+06
2020-03-15 00:50:00,1.9571385938e+08,1.9571385938e+08,9.2598629629e+06,9.2598629629e+06
2020-03-15 00:55:00,3.0545782062e+08,3.0545782062e+08,1.0975675617e+07,1.0975675617e+07
2020-03-15 01:00:00,1.7460159116e+08,1.7460159116e+08,1.0323955860e+07,1.0323955860e+07
2020-03-15 01:05:00,1.6714090362e+08,1.6714090362e+08,9.0443996721e+07,9.0443996721e+07
2020-03-15 01:10:00,1.8127221736e+08,1.8127221736e+08,1.5513809549e+07,1.5513809549e+07
2020-03-15 01:15:00,2.1710130549e+08,2.1710130549e+08,9.9539014681e+07,9.9539014681e+07
2020-03-15 01:20:00,1.7843032332e+08,1.7843032332e+08,6.9090359544e+06,6.9090359544e+06
2020-03-15 01:25:00,2.5747103647e+08,2.5747103647e+08,7.1889240681e+06,7.1889240681e+06
2020-03-15 01:30:00,2.0598922224e+08,2.0598922224e+08,9.2901314113e+06,9.2901314113e+06
2020-03-15 01:35:00,1.5963575664e+08,1.5963575664e+08,9.0722279585e+06,9.0722279585e+06
2020-03-15 01:40:00,2.0568067659e+08,2.0568067659e+08,5.6004425299e+06,5.6004425299e+06
2020-03-15 01:45:00,7.1702188083e+08,7.1702188083e+08,5.5924441893e+06,5.5924441893e+06
2020-03-15 01:50:00,1.5082986779e+08,1.5082986779e+08,5.2535722683e+06,5.2535722683e+06
2020-03-15 01:55:00,1.1676855774e+08,1.1676855774e+08,1.0211443806e+07,1.0211443806e+07
2020-03-15 02:00:00,2.4812754643e+08,2.4812754643e+08,7.1867910091e+06,7.1867910091e+06
2020-03-15 02:05:00,1.3465652426e+08,1.3465652426e+08,4.6820977375e+07,4.6820977375e+07
2020-03-15 02:10:00,6.4880600691e+08,6.4880600691e+08,3.3015342713e+07,3.3015342713e+07
2020-03-15 02:15:00,1.4321348907e+08,1.4321348907e+08,3.0644811264e+07,3.0644811264e+07
2020-03-15 02:20:00,1.4686577258e+08,1.4686577258e+08,1.3843100419e+07,1.3843100419e+07
2020-03-15 02:25:00,1.4520108193e+08,1.4520108193e+08,4.2078194389e+06,4.2078194389e+06
2020-03-15 02:30:00,1.2773904472e+08,1.2773904472e+08,2.6035054123e+07,2.6035054123e+07
2020-03-15 02:35:00,1.2105403893e+08,1.2105403893e+08,5.2390492392e+06,5.2390492392e+06
2020-03-15 02:40:00,2.0595939453e+08,2.0595939453e+08,5.0323317179e+08,5.0323317179e+08
2020-03-15 02:45:00,2.3334464204e+08,2.3334464204e+08,2.0287761946e+07,2.0287761946e+07
2020-03-15 02:50:00,6.8443766258e+08,6.8443766258e+08,1.6289861233e+07,1.6289861233e+07
2020-03-15 02:55:00,1.8027668785e+08,1.8027668785e+08,5.6682261246e+07,5.6682261246e+07
2020-03-15 03:00:00,3.3004602595e+08,3.3004602595e+08,1.2847490335e+07,1.2847490335e+07
2020-03-15 03:05:00,1.7731796728e+08,1.7731796728e+08,9.3668454307e+07,9.3668454307e+07
2020-03-15 03:10:00,1.9791745266e+08,1.9791745266e+08,7.1084555649e+06,7.1084555649e+06
2020-03-15 03:15:00,1.4666144657e+08,1.4666144657e+08,9.2538253631e+06,9.2538253631e+06
2020-03-15 03:20:00,1.3375997582e+08,1.3375997582e+08,1.0565512989e+08,1.0565512989e+08
2020-03-15 03:25:00,1.3918452843e+08,1.3918452843e+08,7.2974295397e+06,7.2974295397e+06
2020-03-15 03:30:00,1.7480221624e+08,1.7480221624e+08,7.8486981602e+06,7.8486981602e+06
2020-03-15 03:35:00,1.5815753856e+08,1.5815753856e+08,8.2492809924e+06,8.2492809924e+06
2020-03-15 03:40:00,2.1545054899e+08,2.1545054899e+08,5.0624768205e+08,5.0624768205e+08
2020-03-15 03:45:00,1.6483875960e+08,1.6483875960e+08,1.1400703436e+08,1.1400703436e+08
2020-03-15 03:50:00,1.7013926961e+08,1.7013926961e+08,1.1358833761e+07,1.1358833761e+07
2020-03-15 03:55:00,1.1606273496e+08,1.1606273496e+08,8.5235558448e+06,8.5235558448e+06
2020-03-15 04:00:00,9.9024336178e+07,9.9024336178e+07,1.3231003144e+07,1.3231003144e+07
2020-03-15 04:05:00,2.1374032300e+08,2.1374032300e+08,1.0632941432e+07,1.0632941432e+07
2020-03-15 04:10:00,1.6972817153e+08,1.6972817153e+08,1.2668320345e+07,1.2668320345e+07
2020-03-15 04:15:00,1.6671190115e+08,1.6671190115e+08,6.4501274928e+06,6.4501274928e+06
2020-03-15 04:20:00,1.5026204711e+08,1.5026204711e+08,6.3561780147e+06,6.3561780147e+06
2020-03-15 04:25:00,2.5636577804e+08,2.5636577804e+08,4.3244598104e+06,4.3244598104e+06
2020-03-15 04:30:00,1.9079105875e+08,1.9079105875e+08,3.9773436675e+06,3.9773436675e+06
2020-03-15 04:35:00,1.2031652596e+08,1.2031652596e+08,3.4809666837e+06,3.4809666837e+06
2020-03-15 04:40:00,8.5794597338e+07,8.5794597338e+07,3.7660376816e+06,3.7660376816e+06
2020-03-15 04:45:00,1.6839030184e+08,1.6839030184e+08,4.0543831629e+06,4.0543831629e+06
2020-03-15 04:50:00,1.9538196522e+08,1.9538196522e+08,4.5995240624e+06,4.5995240624e+06
2020-03-15 04:55:00,1.5501333576e+08,1.5501333576e+08,5.1619012029e+06,5.1619012029e+06
2020-03-15 05:00:00,1.0397301676e+08,1.0397301676e+08,4.9751055917e+06,4.9751055917e+06
2020-03-15 05:05:00,8.7102103662e+07,8.7102103662e+07,4.1266591731e+06,4.1266591731e+06
2020-03-15 05:10:00,9.5423495121e+07,9.5423495121e+07,4.1811653832e+06,4.1811653832e+06
2020-03-15 05:15:00,2.9424144318e+08,2.9424144318e+08,5.8829746280e+06,5.8829746280e+06
2020-03-15 05:20:00,1.5169804973e+08,1.5169804973e+08,7.4880760259e+06,7.4880760259e+06
2020-03-15 05:25:00,1.5564465262e+08,1.5564465262e+08,6.9816691040e+06,6.9816691040e+06
2020-03-15 05:30:00,2.3463136183e+08,2.3463136183e+08,6.1498425035e+06,6.1498425035e+06
2020-03-15 05:35:00,2.1154395840e+08,2.1154395840e+08,6.5231762720e+06,6.5231762720e+06
2020-03-15 05:40:00,1.6710170081e+08,1.6710170081e+08,5.5454935925e+06,5.5454935925e+06
2020-03-15 05:45:00,1.0371447942e+08,1.0371447942e+08,4.9575535579e+06,4.9575535579e+06
2020-03-15 05:50:00,9.3800174432e+07,9.3800174432e+07,4.6504035396e+06,4.6504035396e+06
2020-03-15 05:55:00,1.2393978773e+08,1.2393978773e+08,5.0173860970e+06,5.0173860970e+06
2020-03-15 06:00:00,1.6957817825e+08,1.6957817825e+08,5.9071798633e+06,5.9071798633e+06
2020-03-15 06:05:00,1.4593720228e+08,1.4593720228e+08,7.5941178374e+06,7.5941178374e+06
2020-03-15 06:10:00,1.3813272711e+08,1.3813272711e+08,8.1546607163e+06,8.1546607163e+06
2020-03-15 06:15:00,1.4091864809e+08,1.4091864809e+08,7.8170628989e+06,7.8170628989e+06
2020-03-15 06:20:00,1.5166170876e+08,1.5166170876e+08,6.2927670688e+06,6.2927670688e+06
2020-03-15 06:25:00,1.7294259309e+08,1.7294259309e+08,1.0682131366e+08,1.0682131366e+08
2020-03-15 06:30:00,1.7922070477e+08,1.7922070477e+08,3.6521102426e+07,3.6521102426e+07
2020-03-15 06:35:00,2.2632263363e+08,2.2632263363e+08,7.1990951907e+06,7.1990951907e+06
2020-03-15 06:40:00,2.2381128759e+08,2.2381128759e+08,8.5444379880e+06,8.5444379880e+06
2020-03-15 06:45:00,3.2467052833e+08,3.2467052833e+08,7.0656434747e+06,7.0656434747e+06
2020-03-15 06:50:00,3.2548218080e+08,3.2548218080e+08,8.0887292341e+06,8.0887292341e+06
2020-03-15 06:55:00,2.3425760776e+08,2.3425760776e+08,5.0658589988e+08,5.0658589988e+08
2020-03-15 07:00:00,3.5925582109e+08,3.5925582109e+08,9.2865374516e+07,9.2865374516e+07
2020-03-15 07:05:00,4.1824796732e+08,4.1824796732e+08,1.0602904576e+07,1.0602904576e+07
2020-03-15 07:10:00,3.6481790828e+08,3.6481790828e+08,9.7605864890e+07,9.7605864890e+07
2020-03-15 07:15:00,3.3070006399e+08,3.3070006399e+08,1.0789263981e+07,1.0789263981e+07
2020-03-15 07:20:00,3.4781459928e+08,3.4781459928e+08,8.9068258408e+06,8.9068258408e+06
2020-03-15 07:25:00,3.6287262196e+08,3.6287262196e+08,9.1029911768e+06,9.1029911768e+06
2020-03-15 07:30:00,4.2079943752e+08,4.2079943752e+08,1.2877610666e+07,1.2877610666e+07
2020-03-15 07:35:00,4.1836383017e+08,4.1836383017e+08,6.9383544307e+07,6.9383544307e+07
2020-03-15 07:40:00,4.2391601295e+08,4.2391601295e+08,1.4910986149e+07,1.4910986149e+07
2020-03-15 07:45:00,3.8311502773e+08,3.8311502773e+08,7.8965455736e+08,7.8965455736e+08
2020-03-15 07:50:00,3.3889054512e+08,3.3889054512e+08,2.5050856174e+08,2.5050856174e+08
2020-03-15 07:55:00,4.5115554771e+08,4.5115554771e+08,1.6177410402e+07,1.6177410402e+07
2020-03-15 08:00:00,4.7790493020e+08,4.7790493020e+08,1.5734373703e+07,1.5734373703e+07
2020-03-15 08:05:00,3.4883094453e+08,3.4883094453e+08,1.2614344496e+07,1.2614344496e+07
2020-03-15 08:10:00,4.5414272808e+08,4.5414272808e+08,1.3734537086e+07,1.3734537086e+07
2020-03-15 08:15:00,9.4484086786e+08,9.4484086786e+08,1.4063584899e+07,1.4063584899e+07
2020-03-15 08:20:00,4.6686603518e+08,4.6686603518e+08,1.1676522433e+08,1.1676522433e+08
2020-03-15 08:25:00,4.5794723849e+08,4.5794723849e+08,1.4677496519e+07,1.4677496519e+07
2020-03-15 08:30:00,8.5821902769e+08,8.5821902769e+08,1.2093788698e+07,1.2093788698e+07
2020-03-15 08:35:00,3.1630425935e+08,3.1630425935e+08,1.1753302902e+07,1.1753302902e+07
2020-03-15 08:40:00,3.7698849538e+08,3.7698849538e+08,1.3960506794e+07,1.3960506794e+07
2020-03-15 08:45:00,4.3784169071e+08,4.3784169071e+08,1.3132523326e+07,1.3132523326e+07
2020-03-15 08:50:00,5.0909892224e+08,5.0909892224e+08,9.8393727491e+07,9.8393727491e+07
2020-03-15 08:55:00,4.3595180479e+08,4.3595180479e+08,1.6218331365e+07,1.6218331365e+07
2020-03-15 09:00:00,3.6046486356e+08,3.6046486356e+08,1.4180693822e+07,1.4180693822e+07
2020-03-15 09:05:00,5.1371408444e+08,5.1371408444e+08,1.4169753426e+07,1.4169753426e+07
2020-03-15 09:10:00,4.5126029803e+08,4.5126029803e+08,1.7031256937e+07,1.7031256937e+07
2020-03-15 09:15:00,3.7708399371e+08,3.7708399371e+08,1.7660150961e+07,1.7660150961e+07
2020-03-15 09:20:00,4.0854424827e+08,4.0854424827e+08,1.6372835761e+07,1.6372835761e+07
2020-03-15 09:25:00,4.6365441588e+08,4.6365441588e+08,1.3572133003e+07,1.3572133003e+07
2020-03-15 09:30:00,4.5122572143e+08,4.5122572143e+08,8.8063684885e+07,8.8063684885e+07
2020-03-15 09:35:00,5.5970495076e+08,5.5970495076e+08,1.2069138125e+08,1.2069138125e+08
2020-03-15 09:40:00,5.0790420486e+08,5.0790420486e+08,2.0512595543e+07,2.0512595543e+07
2020-03-15 09:45:00,4.7060866580e+08,4.7060866580e+08,1.7997110038e+07,1.7997110038e+07
2020-03-15 09:50:00,4.8583893541e+08,4.8583893541e+08,1.7289669309e+07,1.7289669309e+07
2020-03-15 09:55:00,4.7165634299e+08,4.7165634299e+08,2.2694350789e+07,2.2694350789e+07
2020-03-15 10:00:00,4.4442162559e+08,4.4442162559e+08,2.4711607916e+07,2.4711607916e+07
2020-03-15 10:05:00,4.6796464469e+08,4.6796464469e+08,2.7064884428e+07,2.7064884428e+07
2020-03-15 10:10:00,5.1544417342e+08,5.1544417342e+08,6.7804882321e+07,6.7804882321e+07
2020-03-15 10:15:00,5.8976698709e+08,5.8976698709e+08,2.2771755121e+07,2.2771755121e+07
2020-03-15 10:20:00,5.5507793872e+08,5.5507793872e+08,1.9573719619e+07,1.9573719619e+07
2020-03-15 10:25:00,4.7368231786e+08,4.7368231786e+08,2.2097467229e+07,2.2097467229e+07
2020-03-15 10:30:00,4.7023133175e+08,4.7023133175e+08,2.3810987118e+07,2.3810987118e+07
2020-03-15 10:35:00,4.4054993027e+08,4.4054993027e+08,2.0337046253e+07,2.0337046253e+07
2020-03-15 10:40:00,5.0959022706e+08,5.0959022706e+08,2.4061252931e+07,2.4061252931e+07
2020-03-15 10:45:00,5.1576297997e+08,5.1576297997e+08,2.2813659268e+07,2.2813659268e+07
2020-03-15 10:50:00,4.1359476387e+08,4.1359476387e+08,2.7413144843e+07,2.7413144843e+07
2020-03-15 10:55:00,4.6206223036e+08,4.6206223036e+08,2.8569981038e+07,2.8569981038e+07
2020-03-15 11:00:00,5.0962525388e+08,5.0962525388e+08,8.1200948413e+07,8.1200948413e+07
2020-03-15 11:05:00,5.4936525391e+08,5.4936525391e+08,3.0342705669e+07,3.0342705669e+07
2020-03-15 11:10:00,5.1033670904e+08,5.1033670904e+08,2.4138061164e+07,2.4138061164e+07
2020-03-15 11:15:00,5.0112177025e+08,5.0112177025e+08,2.4837353248e+07,2.4837353248e+07
2020-03-15 11:20:00,4.9131023386e+08,4.9131023386e+08,3.0753521751e+07,3.0753521751e+07
2020-03-15 11:25:00,1.0623970752e+09,1.0623970752e+09,2.3583360632e+07,2.3583360632e+07
2020-03-15 11:30:00,6.1179186678e+08,6.1179186678e+08,2.1693490625e+07,2.1693490625e+07
2020-03-15 11:35:00,5.3609435818e+08,5.3609435818e+08,1.6242314189e+07,1.6242314189e+07
2020-03-15 11:40:00,5.5690077357e+08,5.5690077357e+08,1.6460575533e+07,1.6460575533e+07
2020-03-15 11:45:00,4.7373117096e+08,4.7373117096e+08,2.4839300892e+07,2.4839300892e+07
2020-03-15 11:50:00,5.1397849932e+08,5.1397849932e+08,2.4662577845e+07,2.4662577845e+07
2020-03-15 11:55:00,5.4601778165e+08,5.4601778165e+08,2.8663920349e+07,2.8663920349e+07
2020-03-15 12:00:00,5.9521484272e+08,5.9521484272e+08,2.6278204028e+07,2.6278204028e+07
2020-03-15 12:05:00,6.3519496077e+08,6.3519496077e+08,2.6009412557e+07,2.6009412557e+07
2020-03-15 12:10:00,6.6403686545e+08,6.6403686545e+08,2.6900248763e+07,2.6900248763e+07
2020-03-15 12:15:00,6.2426417062e+08,6.2426417062e+08,2.4765306991e+07,2.4765306991e+07
2020-03-15 12:20:00,1.2116717550e+09,1.2116717550e+09,2.0315900034e+07,2.0315900034e+07
2020-03-15 12:25:00,6.9123268481e+08,6.9123268481e+08,1.8636990490e+07,1.8636990490e+07
2020-03-15 12:30:00,5.6560924934e+08,5.6560924934e+08,1.9245655717e+07,1.9245655717e+07
2020-03-15 12:35:00,5.9602001090e+08,5.9602001090e+08,2.0390625951e+07,2.0390625951e+07
2020-03-15 12:40:00,6.9424918718e+08,6.9424918718e+08,2.0124906796e+07,2.0124906796e+07
2020-03-15 12:45:00,5.8322054924e+08,5.8322054924e+08,2.1424613920e+07,2.1424613920e+07
2020-03-15 12:50:00,6.8029393768e+08,6.8029393768e+08,3.1923004730e+07,3.1923004730e+07
2020-03-15 12:55:00,6.3402008283e+08,6.3402008283e+08,2.9395991533e+07,2.9395991533e+07
2020-03-15 13:00:00,7.8667195813e+08,7.8667195813e+08,3.3823462896e+07,3.3823462896e+07
2020-03-15 13:05:00,8.4861737925e+08,8.4861737925e+08,4.1475326030e+07,4.1475326030e+07
2020-03-15 13:10:00,7.2782256753e+08,7.2782256753e+08,1.5321373543e+08,1.5321373543e+08
2020-03-15 13:15:00,7.0756800226e+08,7.0756800226e+08,6.0345068945e+07,6.0345068945e+07
2020-03-15 13:20:00,6.0577437973e+08,6.0577437973e+08,5.5690473819e+07,5.5690473819e+07
2020-03-15 13:25:00,6.5578341523e+08,6.5578341523e+08,4.3700291925e+07,4.3700291925e+07
2020-03-15 13:30:00,7.7463149363e+08,7.7463149363e+08,3.9459705657e+07,3.9459705657e+07
2020-03-15 13:35:00,7.1618838613e+08,7.1618838613e+08,5.6819275190e+07,5.6819275190e+07
2020-03-15 13:40:00,7.1131878998e+08,7.1131878998e+08,1.3540716193e+08,1.3540716193e+08
2020-03-15 13:45:00,6.1207755957e+08,6.1207755957e+08,4.2360205459e+07,4.2360205459e+07
2020-03-15 13:50:00,5.8173937238e+08,5.8173937238e+08,4.2486371757e+07,4.2486371757e+07
2020-03-15 13:55:00,7.5170272583e+08,7.5170272583e+08,4.1183688318e+07,4.1183688318e+07
2020-03-15 14:00:00,6.4561390244e+08,6.4561390244e+08,3.9135352652e+07,3.9135352652e+07
2020-03-15 14:05:00,7.0140908347e+08,7.0140908347e+08,3.1821767280e+07,3.1821767280e+07
2020-03-15 14:10:00,6.6850702101e+08,6.6850702101e+08,1.7458575216e+08,1.7458575216e+08
2020-03-15 14:15:00,7.0486771462e+08,7.0486771462e+08,3.1935046842e+07,3.1935046842e+07
2020-03-15 14:20:00,1.1945481206e+09,1.1945481206e+09,3.2015917585e+07,3.2015917585e+07
2020-03-15 14:25:00,6.6139637042e+08,6.6139637042e+08,3.2639754345e+07,3.2639754345e+07
2020-03-15 14:30:00,7.1461964777e+08,7.1461964777e+08,2.9340036125e+07,2.9340036125e+07
2020-03-15 14:35:00,8.0525198409e+08,8.0525198409e+08,2.5539757034e+07,2.5539757034e+07
2020-03-15 14:40:00,8.0424684945e+08,8.0424684945e+08,1.1209837198e+08,1.1209837198e+08
2020-03-15 14:45:00,8.1532823324e+08,8.1532823324e+08,2.0536147883e+07,2.0536147883e+07
2020-03-15 14:50:00,1.2591227886e+09,1.2591227886e+09,2.0339127579e+07,2.0339127579e+07
2020-03-15 14:55:00,9.1846810618e+08,9.1846810618e+08,2.0770404908e+07,2.0770404908e+07
2020-03-15 15:00:00,7.8899388011e+08,7.8899388011e+08,1.2102481914e+08,1.2102481914e+08
2020-03-15 15:05:00,7.6598081065e+08,7.6598081065e+08,2.9366150929e+07,2.9366150929e+07
2020-03-15 15:10:00,6.2578453313e+08,6.2578453313e+08,5.2184732079e+08,5.2184732079e+08
2020-03-15 15:15:00,8.5385711401e+08,8.5385711401e+08,3.1016851436e+07,3.1016851436e+07
2020-03-15 15:20:00,8.4147910769e+08,8.4147910769e+08,2.3474171250e+07,2.3474171250e+07
2020-03-15 15:25:00,7.1117429212e+08,7.1117429212e+08,1.8273132543e+07,1.8273132543e+07
2020-03-15 15:30:00,5.6431907013e+08,5.6431907013e+08,1.5800526615e+07,1.5800526615e+07
2020-03-15 15:35:00,7.3375530200e+08,7.3375530200e+08,1.9688459055e+07,1.9688459055e+07
2020-03-15 15:40:00,6.9675365222e+08,6.9675365222e+08,3.1031250375e+07,3.1031250375e+07
2020-03-15 15:45:00,6.5285768564e+08,6.5285768564e+08,9.9454939885e+07,9.9454939885e+07
2020-03-15 15:50:00,7.2613335805e+08,7.2613335805e+08,1.9310233529e+07,1.9310233529e+07
2020-03-15 15:55:00,6.0069793687e+08,6.0069793687e+08,1.8298455517e+07,1.8298455517e+07
2020-03-15 16:00:00,7.1065210653e+08,7.1065210653e+08,2.3966822512e+07,2.3966822512e+07
2020-03-15 16:05:00,6.6633229752e+08,6.6633229752e+08,2.0359468678e+07,2.0359468678e+07
2020-03-15 16:10:00,7.0442392157e+08,7.0442392157e+08,2.1186022297e+07,2.1186022297e+07
2020-03-15 16:15:00,7.6520120480e+08,7.6520120480e+08,2.1104537034e+07,2.1104537034e+07
2020-03-15 16:20:00,7.2471031994e+08,7.2471031994e+08,1.7697454518e+07,1.7697454518e+07
2020-03-15 16:25:00,8.1784963107e+08,8.1784963107e+08,8.4312236653e+07,8.4312236653e+07
2020-03-15 16:30:00,7.5504167301e+08,7.5504167301e+08,1.8900048774e+07,1.8900048774e+07
2020-03-15 16:35:00,6.7767772697e+08,6.7767772697e+08,2.6675474478e+07,2.6675474478e+07
2020-03-15 16:40:00,7.4643151627e+08,7.4643151627e+08,5.3040083734e+08,5.3040083734e+08
2020-03-15 16:45:00,7.1583553403e+08,7.1583553403e+08,2.9583331010e+07,2.9583331010e+07
2020-03-15 16:50:00,8.0710183699e+08,8.0710183699e+08,2.1991226685e+07,2.1991226685e+07
2020-03-15 16:55:00,6.9908743725e+08,6.9908743725e+08,2.2008041449e+07,2.2008041449e+07
2020-03-15 17:00:00,7.5465055098e+08,7.5465055098e+08,2.2946424987e+07,2.2946424987e+07
2020-03-15 17:05:00,6.4678364779e+08,6.4678364779e+08,1.8122410873e+07,1.8122410873e+07
2020-03-15 17:10:00,8.1657400031e+08,8.1657400031e+08,2.2062029446e+07,2.2062029446e+07
2020-03-15 17:15:00,1.3007440572e+09,1.3007440572e+09,2.0365302520e+07,2.0365302520e+07
2020-03-15 17:20:00,7.9532228326e+08,7.9532228326e+08,2.0942810077e+07,2.0942810077e+07
2020-03-15 17:25:00,6.8878030514e+08,6.8878030514e+08,2.0849390492e+07,2.0849390492e+07
2020-03-15 17:30:00,7.0385009637e+08,7.0385009637e+08,2.4623114107e+07,2.4623114107e+07
2020-03-15 17:35:00,6.5223672131e+08,6.5223672131e+08,1.8607320674e+07,1.8607320674e+07
2020-03-15 17:40:00,6.7673900227e+08,6.7673900227e+08,1.8668761990e+07,1.8668761990e+07
2020-03-15 17:45:00,6.6231320094e+08,6.6231320094e+08,2.2439177139e+07,2.2439177139e+07
2020-03-15 17:50:00,7.2706321968e+08,7.2706321968e+08,9.6879895958e+07,9.6879895958e+07
2020-03-15 17:55:00,8.0906602332e+08,8.0906602332e+08,4.3677721421e+07,4.3677721421e+07
2020-03-15 18:00:00,7.3200779299e+08,7.3200779299e+08,3.8853868578e+07,3.8853868578e+07
2020-03-15 18:05:00,6.8872496305e+08,6.8872496305e+08,3.4713579644e+07,3.4713579644e+07
2020-03-15 18:10:00,7.5557451786e+08,7.5557451786e+08,4.8949651461e+07,4.8949651461e+07
2020-03-15 18:15:00,8.4093541675e+08,8.4093541675e+08,2.6276992624e+07,2.6276992624e+07
2020-03-15 18:20:00,6.2851723011e+08,6.2851723011e+08,1.8955604057e+07,1.8955604057e+07
2020-03-15 18:25:00,7.4775048556e+08,7.4775048556e+08,2.1094547106e+07,2.1094547106e+07
2020-03-15 18:30:00,6.5289475313e+08,6.5289475313e+08,1.8837751223e+07,1.8837751223e+07
2020-03-15 18:35:00,5.9157507874e+08,5.9157507874e+08,2.4330703916e+07,2.4330703916e+07
2020-03-15 18:40:00,6.3828465716e+08,6.3828465716e+08,3.1981598975e+07,3.1981598975e+07
2020-03-15 18:45:00,6.7224654763e+08,6.7224654763e+08,5.9889529541e+08,5.9889529541e+08
2020-03-15 18:50:00,6.4095018697e+08,6.4095018697e+08,2.8448984000e+07,2.8448984000e+07
2020-03-15 18:55:00,9.0395131192e+08,9.0395131192e+08,2.1148547556e+07,2.1148547556e+07
2020-03-15 19:00:00,9.0906221271e+08,9.0906221271e+08,2.4826069404e+07,2.4826069404e+07
2020-03-15 19:05:00,9.8116229835e+08,9.8116229835e+08,2.3408614606e+07,2.3408614606e+07
2020-03-15 19:10:00,6.8810167164e+08,6.8810167164e+08,1.4162151284e+08,1.4162151284e+08
2020-03-15 19:15:00,1.3944814129e+09,1.3944814129e+09,2.9094832355e+07,2.9094832355e+07
2020-03-15 19:20:00,7.2162436889e+08,7.2162436889e+08,2.3360325094e+07,2.3360325094e+07
2020-03-15 19:25:00,6.3705224555e+08,6.3705224555e+08,2.4544819149e+07,2.4544819149e+07
2020-03-15 19:30:00,6.8170126149e+08,6.8170126149e+08,2.3152773599e+07,2.3152773599e+07
2020-03-15 19:35:00,7.2454485210e+08,7.2454485210e+08,2.3751564400e+07,2.3751564400e+07
2020-03-15 19:40:00,7.0177869348e+08,7.0177869348e+08,2.5517724448e+07,2.5517724448e+07
2020-03-15 19:45:00,6.8206600997e+08,6.8206600997e+08,2.5275180055e+07,2.5275180055e+07
2020-03-15 19:50:00,6.6693684209e+08,6.6693684209e+08,2.6981662373e+07,2.6981662373e+07
2020-03-15 19:55:00,7.8350678480e+08,7.8350678480e+08,2.7727993986e+07,2.7727993986e+07
2020-03-15 20:00:00,8.3232550352e+08,8.3232550352e+08,3.4695314237e+07,3.4695314237e+07
2020-03-15 20:05:00,6.7558476251e+08,6.7558476251e+08,1.1435132093e+08,1.1435132093e+08
2020-03-15 20:10:00,6.8068932730e+08,6.8068932730e+08,4.0161718945e+07,4.0161718945e+07
2020-03-15 20:15:00,7.3236616144e+08,7.3236616144e+08,3.1834106973e+07,3.1834106973e+07
2020-03-15 20:20:00,6.9862842201e+08,6.9862842201e+08,2.6373299306e+07,2.6373299306e+07
2020-03-15 20:25:00,6.8336618025e+08,6.8336618025e+08,2.7686641877e+07,2.7686641877e+07
2020-03-15 20:30:00,7.1469309010e+08,7.1469309010e+08,2.7489266177e+07,2.7489266177e+07
2020-03-15 20:35:00,7.0921803816e+08,7.0921803816e+08,1.0759370848e+08,1.0759370848e+08
2020-03-15 20:40:00,6.4323801634e+08,6.4323801634e+08,3.3808945305e+07,3.3808945305e+07
2020-03-15 20:45:00,6.2117408506e+08,6.2117408506e+08,3.3260191876e+07,3.3260191876e+07
2020-03-15 20:50:00,5.9219163604e+08,5.9219163604e+08,1.2771867617e+08,1.2771867617e+08
2020-03-15 20:55:00,6.6469451093e+08,6.6469451093e+08,3.3343333344e+07,3.3343333344e+07
2020-03-15 21:00:00,7.0198469894e+08,7.0198469894e+08,3.6705207979e+07,3.6705207979e+07
2020-03-15 21:05:00,6.1782773086e+08,6.1782773086e+08,5.0287478171e+07,5.0287478171e+07
2020-03-15 21:10:00,1.2276713593e+09,1.2276713593e+09,5.4410426637e+07,5.4410426637e+07
2020-03-15 21:15:00,6.4547673404e+08,6.4547673404e+08,2.9749285068e+07,2.9749285068e+07
2020-03-15 21:20:00,6.5038314805e+08,6.5038314805e+08,6.2743440202e+08,6.2743440202e+08
2020-03-15 21:25:00,6.6777544047e+08,6.6777544047e+08,3.1466519503e+07,3.1466519503e+07
2020-03-15 21:30:00,6.3076532985e+08,6.3076532985e+08,2.7677356393e+07,2.7677356393e+07
2020-03-15 21:35:00,6.1843248487e+08,6.1843248487e+08,8.4129140609e+07,8.4129140609e+07
2020-03-15 21:40:00,5.6590212165e+08,5.6590212165e+08,2.5189878901e+07,2.5189878901e+07
2020-03-15 21:45:00,5.5560241640e+08,5.5560241640e+08,2.7197920769e+07,2.7197920769e+07
2020-03-15 21:50:00,5.7496883127e+08,5.7496883127e+08,3.4667024375e+07,3.4667024375e+07
2020-03-15 21:55:00,5.3316987599e+08,5.3316987599e+08,2.2213797555e+07,2.2213797555e+07
2020-03-15 22:00:00,5.9051982359e+08,5.9051982359e+08,2.0830701470e+07,2.0830701470e+07
2020-03-15 22:05:00,6.3717639313e+08,6.3717639313e+08,2.2675589258e+07,2.2675589258e+07
2020-03-15 22:10:00,5.7359092695e+08,5.7359092695e+08,2.3552671975e+07,2.3552671975e+07
2020-03-15 22:15:00,5.2044751408e+08,5.2044751408e+08,2.3862687835e+07,2.3862687835e+07
2020-03-15 22:20:00,5.0279028706e+08,5.0279028706e+08,2.1433338957e+07,2.1433338957e+07
2020-03-15 22:25:00,5.8151703446e+08,5.8151703446e+08,2.2002535429e+07,2.2002535429e+07
2020-03-15 22:30:00,4.2883328684e+08,4.2883328684e+08,2.1233227555e+07,2.1233227555e+07
2020-03-15 22:35:00,4.0700701101e+08,4.0700701101e+08,2.0304723986e+07,2.0304723986e+07
2020-03-15 22:40:00,4.2356810725e+08,4.2356810725e+08,2.0718390151e+07,2.0718390151e+07
2020-03-15 22:45:00,3.6773941575e+08,3.6773941575e+08,1.9455466793e+07,1.9455466793e+07
2020-03-15 22:50:00,3.3862940318e+08,3.3862940318e+08,1.6458603853e+07,1.6458603853e+07
2020-03-15 22:55:00,3.2317466903e+08,3.2317466903e+08,5.1614048631e+08,5.1614048631e+08
2020-03-15 23:00:00,3.1704027708e+08,3.1704027708e+08,2.4845368456e+07,2.4845368456e+07
2020-03-15 23:05:00,2.7987398894e+08,2.7987398894e+08,2.0380521163e+07,2.0380521163e+07
2020-03-15 23:10:00,2.8779046350e+08,2.8779046350e+08,1.7071162940e+07,1.7071162940e+07
2020-03-15 23:15:00,2.9631890093e+08,2.9631890093e+08,1.8346663377e+07,1.8346663377e+07
2020-03-15 23:20:00,3.7217136931e+08,3.7217136931e+08,2.5614081479e+07,2.5614081479e+07
2020-03-15 23:25:00,2.6795868112e+08,2.6795868112e+08,1.9081512547e+07,1.9081512547e+07
2020-03-15 23:30:00,3.3966408917e+08,3.3966408917e+08,1.7455319793e+07,1.7455319793e+07
2020-03-15 23:35:00,3.8272619428e+08,3.8272619428e+08,2.0220712798e+07,2.0220712798e+07
2020-03-15 23:40:00,3.1960763162e+08,3.1960763162e+08,1.8320129572e+07,1.8320129572e+07
2020-03-15 23:45:00,2.9020712573e+08,2.9020712573e+08,1.8527068788e+07,1.8527068788e+07
2020-03-15 23:50:00,3.1874176530e+08,3.1874176530e+08,1.6656147114e+07,1.6656147114e+07
2020-03-15 23:55:00,2.8152066952e+08,2.8152066952e+08,1.2311270175e+07,1.2311270175e+07
2020-03-16 00:00:00,3.2818265031e+08,3.2818265031e+08,1.4714681079e+07,1.4714681079e+07
2020-03-16 22:05:00,5.5778108630e+08,5.5778108630e+08,2.1262412022e+07,2.1262412022e+07
2020-03-16 22:10:00,6.0132364880e+08,6.0132364880e+08,2.0851348224e+07,2.0851348224e+07
2020-03-16 22:15:00,6.4483101226e+08,6.4483101226e+08,2.1381379610e+07,2.1381379610e+07
2020-03-16 22:20:00,5.9329284245e+08,5.9329284245e+08,1.9686892450e+07,1.9686892450e+07
2020-03-16 22:25:00,5.8817584684e+08,5.8817584684e+08,2.6020617354e+07,2.6020617354e+07
2020-03-16 22:30:00,6.1567275535e+08,6.1567275535e+08,3.0333302733e+07,3.0333302733e+07
2020-03-16 22:35:00,5.6753218923e+08,5.6753218923e+08,3.7269148929e+07,3.7269148929e+07
2020-03-16 22:40:00,5.1502500863e+08,5.1502500863e+08,3.5175540568e+07,3.5175540568e+07
2020-03-16 22:45:00,4.1686447762e+08,4.1686447762e+08,2.9995565081e+07,2.9995565081e+07
2020-03-16 22:50:00,4.1451058783e+08,4.1451058783e+08,4.8987008947e+07,4.8987008947e+07
2020-03-16 22:55:00,4.4228437920e+08,4.4228437920e+08,9.3915582412e+07,9.3915582412e+07
2020-03-16 23:00:00,4.9726866219e+08,4.9726866219e+08,2.5966318918e+07,2.5966318918e+07
2020-03-16 23:05:00,9.3351174494e+08,9.3351174494e+08,1.2667160837e+08,1.2667160837e+08
2020-03-16 23:10:00,4.0287424574e+08,4.0287424574e+08,3.0372371170e+07,3.0372371170e+07
2020-03-16 23:15:00,2.9354196419e+08,2.9354196419e+08,1.4378775990e+07,1.4378775990e+07
2020-03-16 23:20:00,3.0282114965e+08,3.0282114965e+08,4.8966927617e+07,4.8966927617e+07
2020-03-16 23:25:00,3.8095706050e+08,3.8095706050e+08,9.2407651920e+06,9.2407651920e+06
2020-03-16 23:30:00,4.5345606572e+08,4.5345606572e+08,1.0982155753e+07,1.0982155753e+07
2020-03-16 23:35:00,3.2099493307e+08,3.2099493307e+08,8.3325778858e+07,8.3325778858e+07
2020-03-16 23:40:00,4.2336030849e+08,4.2336030849e+08,1.2116160855e+07,1.2116160855e+07
2020-03-16 23:45:00,3.0507225009e+08,3.0507225009e+08,1.0340248903e+07,1.0340248903e+07
2020-03-16 23:50:00,3.0475278492e+08,3.0475278492e+08,1.1459805572e+07,1.1459805572e+07
2020-03-16 23:55:00,3.0805431724e+08,3.0805431724e+08,1.0251752454e+07,1.0251752454e+07
2020-03-17 00:00:00,4.0872248037e+08,4.0872248037e+08,1.0353734099e+07,1.0353734099e+07
2020-03-17 00:05:00,2.7699191147e+08,2.7699191147e+08,1.2832130343e+07,1.2832130343e+07
2020-03-17 00:10:00,2.7068614105e+08,2.7068614105e+08,1.2110545807e+07,1.2110545807e+07
2020-03-17 00:15:00,2.5404359988e+08,2.5404359988e+08,1.1884494503e+07,1.1884494503e+07
2020-03-17 00:20:00,3.1803388498e+08,3.1803388498e+08,5.0890769913e+08,5.0890769913e+08
2020-03-17 00:25:00,4.0025097377e+08,4.0025097377e+08,1.5479895678e+07,1.5479895678e+07
2020-03-17 00:30:00,3.4577865081e+08,3.4577865081e+08,7.5110055483e+06,7.5110055483e+06
2020-03-17 00:35:00,3.3791829177e+08,3.3791829177e+08,8.8541433219e+06,8.8541433219e+06
2020-03-17 00:40:00,2.5475591645e+08,2.5475591645e+08,3.0907635849e+08,3.0907635849e+08
2020-03-17 00:45:00,2.8955068461e+08,2.8955068461e+08,2.1140825713e+08,2.1140825713e+08
2020-03-17 00:50:00,2.0930545638e+08,2.0930545638e+08,1.0997956799e+08,1.0997956799e+08
2020-03-17 00:55:00,2.1949197329e+08,2.1949197329e+08,1.5759961881e+07,1.5759961881e+07
2020-03-17 01:00:00,2.4361835319e+08,2.4361835319e+08,1.8008559214e+07,1.8008559214e+07
2020-03-17 01:05:00,2.5115959574e+08,2.5115959574e+08,8.3414118216e+07,8.3414118216e+07
2020-03-17 01:10:00,2.7475606998e+08,2.7475606998e+08,3.2647456637e+07,3.2647456637e+07
2020-03-17 01:15:00,1.5106487347e+08,1.5106487347e+08,6.4563705914e+07,6.4563705914e+07
2020-03-17 01:20:00,1.9323293090e+08,1.9323293090e+08,4.4671314061e+07,4.4671314061e+07
2020-03-17 01:25:00,2.9642297517e+08,2.9642297517e+08,9.2084650943e+06,9.2084650943e+06
2020-03-17 01:30:00,2.4779839743e+08,2.4779839743e+08,7.7627836161e+06,7.7627836161e+06
2020-03-17 01:35:00,1.7997437981e+08,1.7997437981e+08,7.1232816739e+06,7.1232816739e+06
2020-03-17 01:40:00,2.1293545225e+08,2.1293545225e+08,6.2201935992e+06,6.2201935992e+06
2020-03-17 01:45:00,1.6567872020e+08,1.6567872020e+08,7.1049435344e+06,7.1049435344e+06
2020-03-17 01:50:00,1.3740171458e+08,1.3740171458e+08,5.0478438073e+08,5.0478438073e+08
2020-03-17 01:55:00,2.4706547009e+08,2.4706547009e+08,1.1308394924e+07,1.1308394924e+07
2020-03-17 02:00:00,7.1219781221e+08,7.1219781221e+08,7.6616076693e+06,7.6616076693e+06
2020-03-17 02:05:00,3.7985342604e+08,3.7985342604e+08,7.0748042661e+06,7.0748042661e+06
2020-03-17 02:10:00,2.2967219581e+08,2.2967219581e+08,7.1608287232e+06,7.1608287232e+06
2020-03-17 02:15:00,2.6746579187e+08,2.6746579187e+08,9.1061549696e+06,9.1061549696e+06
2020-03-17 02:20:00,2.7842639558e+08,2.7842639558e+08,5.8180585757e+06,5.8180585757e+06
2020-03-17 02:25:00,2.4947615414e+08,2.4947615414e+08,5.2286750525e+06,5.2286750525e+06
2020-03-17 02:30:00,2.0639816877e+08,2.0639816877e+08,2.7033461742e+08,2.7033461742e+08
2020-03-17 02:35:00,2.7529548309e+08,2.7529548309e+08,2.8481534398e+08,2.8481534398e+08
2020-03-17 02:40:00,2.1441376702e+08,2.1441376702e+08,1.0839455887e+07,1.0839455887e+07
2020-03-17 02:45:00,1.4101175116e+08,1.4101175116e+08,1.0905461971e+08,1.0905461971e+08
2020-03-17 02:50:00,4.1239492171e+08,4.1239492171e+08,7.9582813531e+06,7.9582813531e+06
2020-03-17 02:55:00,3.1085598922e+08,3.1085598922e+08,7.4973150368e+06,7.4973150368e+06
2020-03-17 03:00:00,2.6491255718e+08,2.6491255718e+08,5.5038852771e+06,5.5038852771e+06
2020-03-17 03:05:00,2.1227591627e+08,2.1227591627e+08,8.1835240815e+07,8.1835240815e+07
2020-03-17 03:10:00,2.3777528567e+08,2.3777528567e+08,1.0066868143e+07,1.0066868143e+07
2020-03-17 03:15:00,2.8756942350e+08,2.8756942350e+08,6.9430860759e+07,6.9430860759e+07
2020-03-17 03:20:00,2.0865075186e+08,2.0865075186e+08,8.6210018645e+06,8.6210018645e+06
2020-03-17 03:25:00,2.3679170314e+08,2.3679170314e+08,1.0589686244e+08,1.0589686244e+08
2020-03-17 03:30:00,1.7898358501e+08,1.7898358501e+08,4.5064126235e+07,4.5064126235e+07
2020-03-17 03:35:00,3.2649805037e+08,3.2649805037e+08,5.8852628664e+06,5.8852628664e+06
2020-03-17 03:40:00,1.4434650942e+08,1.4434650942e+08,4.9524669661e+06,4.9524669661e+06
2020-03-17 03:45:00,1.3859765658e+08,1.3859765658e+08,5.3952702539e+06,5.3952702539e+06
2020-03-17 03:50:00,1.5796655176e+08,1.5796655176e+08,8.5988043821e+06,8.5988043821e+06
2020-03-17 03:55:00,1.2671460745e+08,1.2671460745e+08,7.6584210309e+06,7.6584210309e+06
2020-03-17 04:00:00,1.7009019836e+08,1.7009019836e+08,7.1497217453e+06,7.1497217453e+06
2020-03-17 04:05:00,1.5751440450e+08,1.5751440450e+08,5.4773495085e+06,5.4773495085e+06
2020-03-17 04:10:00,1.0983986113e+08,1.0983986113e+08,5.9153648419e+06,5.9153648419e+06
2020-03-17 04:15:00,1.1466180556e+08,1.1466180556e+08,6.9968086772e+06,6.9968086772e+06
2020-03-17 04:20:00,1.2325562207e+08,1.2325562207e+08,5.3325431249e+06,5.3325431249e+06
2020-03-17 04:25:00,1.0738214398e+08,1.0738214398e+08,5.8217009752e+06,5.8217009752e+06
2020-03-17 04:30:00,9.9307960584e+07,9.9307960584e+07,6.9359704115e+06,6.9359704115e+06
2020-03-17 04:35:00,1.0952066792e+08,1.0952066792e+08,8.3321281643e+06,8.3321281643e+06
2020-03-17 04:40:00,2.6891751120e+08,2.6891751120e+08,7.2696252864e+06,7.2696252864e+06
2020-03-17 04:45:00,1.4024081052e+08,1.4024081052e+08,6.8320395872e+06,6.8320395872e+06
2020-03-17 04:50:00,1.5297407687e+08,1.5297407687e+08,6.8587966245e+06,6.8587966245e+06
2020-03-17 04:55:00,1.0764346260e+08,1.0764346260e+08,7.5536991025e+06,7.5536991025e+06
2020-03-17 05:00:00,1.3760290962e+08,1.3760290962e+08,7.0458250537e+06,7.0458250537e+06
2020-03-17 05:05:00,2.7695148690e+08,2.7695148690e+08,8.1348778313e+06,8.1348778313e+06
2020-03-17 05:10:00,2.4402508175e+08,2.4402508175e+08,1.7129261670e+07,1.7129261670e+07
2020-03-17 05:15:00,1.8224158801e+08,1.8224158801e+08,8.4111340603e+06,8.4111340603e+06
2020-03-17 05:20:00,1.9280886378e+08,1.9280886378e+08,9.3848226432e+07,9.3848226432e+07
2020-03-17 05:25:00,1.8861659693e+08,1.8861659693e+08,9.9880060725e+06,9.9880060725e+06
2020-03-17 05:30:00,2.0942495809e+08,2.0942495809e+08,1.1645258599e+07,1.1645258599e+07
2020-03-17 05:35:00,7.6307850017e+08,7.6307850017e+08,1.1183169189e+08,1.1183169189e+08
2020-03-17 05:40:00,3.2459001251e+08,3.2459001251e+08,1.3979157814e+07,1.3979157814e+07
2020-03-17 05:45:00,2.1410343476e+08,2.1410343476e+08,1.0287998451e+07,1.0287998451e+07
2020-03-17 05:50:00,3.4651625872e+08,3.4651625872e+08,1.2748810750e+07,1.2748810750e+07
2020-03-17 05:55:00,2.5157991438e+08,2.5157991438e+08,1.2992797051e+07,1.2992797051e+07
2020-03-17 06:00:00,3.4753615413e+08,3.4753615413e+08,1.9326025947e+07,1.9326025947e+07
2020-03-17 06:05:00,2.9475053805e+08,2.9475053805e+08,1.9283819590e+07,1.9283819590e+07
2020-03-17 06:10:00,8.0320716466e+08,8.0320716466e+08,2.0353721080e+07,2.0353721080e+07
2020-03-17 06:15:00,3.0783117345e+08,3.0783117345e+08,2.2414052689e+07,2.2414052689e+07
2020-03-17 06:20:00,3.2835699335e+08,3.2835699335e+08,1.0548419940e+08,1.0548419940e+08
2020-03-17 06:25:00,4.0439611590e+08,4.0439611590e+08,2.5142392375e+07,2.5142392375e+07
2020-03-17 06:30:00,2.8416518637e+08,2.8416518637e+08,1.1903800986e+07,1.1903800986e+07
2020-03-17 06:35:00,4.0217609764e+08,4.0217609764e+08,1.3740141684e+07,1.3740141684e+07
2020-03-17 06:40:00,5.0275365103e+08,5.0275365103e+08,1.7187841867e+07,1.7187841867e+07
2020-03-17 06:45:00,4.3634947838e+08,4.3634947838e+08,1.8997653806e+07,1.8997653806e+07
2020-03-17 06:50:00,3.9693894708e+08,3.9693894708e+08,1.9996716197e+07,1.9996716197e+07
2020-03-17 06:55:00,4.2022862022e+08,4.2022862022e+08,2.1255223088e+07,2.1255223088e+07
2020-03-17 07:00:00,5.7174789521e+08,5.7174789521e+08,1.8042262473e+07,1.8042262473e+07
2020-03-17 07:05:00,4.6142112978e+08,4.6142112978e+08,3.0100259792e+07,3.0100259792e+07
2020-03-17 07:10:00,6.0198124777e+08,6.0198124777e+08,7.3710608830e+07,7.3710608830e+07
2020-03-17 07:15:00,9.7791152173e+08,9.7791152173e+08,4.9078928227e+07,4.9078928227e+07
2020-03-17 07:20:00,5.0605649276e+08,5.0605649276e+08,4.9021900589e+07,4.9021900589e+07
2020-03-17 07:25:00,5.2826610783e+08,5.2826610783e+08,9.6286377010e+07,9.6286377010e+07
2020-03-17 07:30:00,4.8961547054e+08,4.8961547054e+08,2.6158973395e+07,2.6158973395e+07
2020-03-17 07:35:00,5.2344598301e+08,5.2344598301e+08,2.2527656283e+08,2.2527656283e+08
2020-03-17 07:40:00,6.9551712801e+08,6.9551712801e+08,3.9418852623e+08,3.9418852623e+08
2020-03-17 07:45:00,5.2782643030e+08,5.2782643030e+08,1.1983396605e+08,1.1983396605e+08
2020-03-17 07:50:00,6.9738538116e+08,6.9738538116e+08,2.1214186759e+07,2.1214186759e+07
2020-03-17 07:55:00,6.6558329626e+08,6.6558329626e+08,1.8759029201e+07,1.8759029201e+07
2020-03-17 08:00:00,7.4286494953e+08,7.4286494953e+08,1.6770633403e+07,1.6770633403e+07
2020-03-17 08:05:00,7.9750408902e+08,7.9750408902e+08,1.9382276362e+07,1.9382276362e+07
2020-03-17 08:10:00,8.1845923971e+08,8.1845923971e+08,1.7672257220e+07,1.7672257220e+07
2020-03-17 08:15:00,1.0057082432e+09,1.0057082432e+09,2.0227598081e+07,2.0227598081e+07
2020-03-17 08:20:00,1.3801265977e+09,1.3801265977e+09,1.9499194634e+07,1.9499194634e+07
2020-03-17 08:25:00,7.4892555012e+08,7.4892555012e+08,1.8320507352e+07,1.8320507352e+07
2020-03-17 08:30:00,7.0922719749e+08,7.0922719749e+08,1.1009537067e+08,1.1009537067e+08
2020-03-17 08:35:00,6.7290017128e+08,6.7290017128e+08,2.5187295394e+07,2.5187295394e+07
2020-03-17 08:40:00,7.7479091389e+08,7.7479091389e+08,2.8243864566e+07,2.8243864566e+07
2020-03-17 08:45:00,6.9337195853e+08,6.9337195853e+08,1.1674611348e+08,1.1674611348e+08
2020-03-17 08:50:00,9.1991881206e+08,9.1991881206e+08,4.3176119927e+08,4.3176119927e+08
2020-03-17 08:55:00,7.5887786986e+08,7.5887786986e+08,2.9590840771e+07,2.9590840771e+07
2020-03-17 09:00:00,8.6484826281e+08,8.6484826281e+08,2.0272074454e+07,2.0272074454e+07
2020-03-17 09:05:00,7.9457179081e+08,7.9457179081e+08,1.7643738545e+07,1.7643738545e+07
2020-03-17 09:10:00,9.8463448586e+08,9.8463448586e+08,3.1465613181e+07,3.1465613181e+07
2020-03-17 09:15:00,9.1043927805e+08,9.1043927805e+08,1.4805150364e+08,1.4805150364e+08
2020-03-17 09:20:00,7.6738525644e+08,7.6738525644e+08,2.1242954553e+07,2.1242954553e+07
2020-03-17 09:25:00,1.0106960790e+09,1.0106960790e+09,1.8465391481e+07,1.8465391481e+07
2020-03-17 09:30:00,9.7548165315e+08,9.7548165315e+08,1.9483510661e+07,1.9483510661e+07
2020-03-17 09:35:00,1.0483456530e+09,1.0483456530e+09,6.2279765543e+08,6.2279765543e+08
2020-03-17 09:40:00,8.1495809785e+08,8.1495809785e+08,2.9473532257e+07,2.9473532257e+07
2020-03-17 09:45:00,8.3942436647e+08,8.3942436647e+08,2.1836687719e+07,2.1836687719e+07
2020-03-17 09:50:00,9.5621686187e+08,9.5621686187e+08,1.9839093380e+07,1.9839093380e+07
2020-03-17 09:55:00,9.3263707928e+08,9.3263707928e+08,2.1412916381e+07,2.1412916381e+07
2020-03-17 10:00:00,9.6221003116e+08,9.6221003116e+08,5.2032198051e+08,5.2032198051e+08
2020-03-17 10:05:00,8.6461887406e+08,8.6461887406e+08,2.4285762229e+07,2.4285762229e+07
2020-03-17 10:10:00,9.7652019510e+08,9.7652019510e+08,1.4446458763e+07,1.4446458763e+07
2020-03-17 10:15:00,1.6600015276e+09,1.6600015276e+09,1.8179537741e+07,1.8179537741e+07
2020-03-17 10:20:00,7.8278914005e+08,7.8278914005e+08,1.9613102636e+07,1.9613102636e+07
2020-03-17 10:25:00,8.4861091100e+08,8.4861091100e+08,2.0731294850e+07,2.0731294850e+07
2020-03-17 10:30:00,8.9957091748e+08,8.9957091748e+08,2.0364695911e+07,2.0364695911e+07
2020-03-17 10:35:00,9.5616582050e+08,9.5616582050e+08,1.9481494498e+07,1.9481494498e+07
2020-03-17 10:40:00,8.8052852323e+08,8.8052852323e+08,3.1029259096e+07,3.1029259096e+07
2020-03-17 10:45:00,9.2799198946e+08,9.2799198946e+08,3.5430278785e+07,3.5430278785e+07
2020-03-17 10:50:00,8.4735964234e+08,8.4735964234e+08,3.0747144237e+07,3.0747144237e+07
2020-03-17 10:55:00,8.3586674228e+08,8.3586674228e+08,1.9663949518e+07,1.9663949518e+07
2020-03-17 11:00:00,7.8239092950e+08,7.8239092950e+08,1.9342541712e+07,1.9342541712e+07
2020-03-17 11:05:00,7.8855193383e+08,7.8855193383e+08,2.1034778057e+07,2.1034778057e+07
2020-03-17 11:10:00,7.6238030666e+08,7.6238030666e+08,2.0210145749e+07,2.0210145749e+07
2020-03-17 11:15:00,8.7984142757e+08,8.7984142757e+08,1.9873896335e+07,1.9873896335e+07
2020-03-17 11:20:00,8.5141662088e+08,8.5141662088e+08,3.4047600841e+07,3.4047600841e+07
2020-03-17 11:25:00,8.9218688459e+08,8.9218688459e+08,3.4612738532e+07,3.4612738532e+07
2020-03-17 11:30:00,8.4870804350e+08,8.4870804350e+08,2.1211225073e+07,2.1211225073e+07
2020-03-17 11:35:00,8.2384642275e+08,8.2384642275e+08,1.0735260610e+08,1.0735260610e+08
2020-03-17 11:40:00,9.6618777400e+08,9.6618777400e+08,1.0075044867e+08,1.0075044867e+08
2020-03-17 11:45:00,9.1083889792e+08,9.1083889792e+08,3.0638544936e+07,3.0638544936e+07
2020-03-17 11:50:00,8.9015483512e+08,8.9015483512e+08,2.4807566000e+07,2.4807566000e+07
2020-03-17 11:55:00,8.5674430046e+08,8.5674430046e+08,2.8562762947e+07,2.8562762947e+07
2020-03-17 12:00:00,9.5845049759e+08,9.5845049759e+08,3.2594943343e+07,3.2594943343e+07
2020-03-17 12:05:00,9.1800767340e+08,9.1800767340e+08,2.6562923887e+07,2.6562923887e+07
2020-03-17 12:10:00,9.0049443798e+08,9.0049443798e+08,1.0085226843e+08,1.0085226843e+08
2020-03-17 12:15:00,9.0275519621e+08,9.0275519621e+08,2.7211667706e+07,2.7211667706e+07
2020-03-17 12:20:00,9.2206722617e+08,9.2206722617e+08,3.9287380964e+07,3.9287380964e+07
2020-03-17 12:25:00,1.0095426383e+09,1.0095426383e+09,3.5630232671e+07,3.5630232671e+07
2020-03-17 12:30:00,9.4024065750e+08,9.4024065750e+08,1.2779289747e+08,1.2779289747e+08
2020-03-17 12:35:00,8.4882195092e+08,8.4882195092e+08,2.4977813894e+07,2.4977813894e+07
2020-03-17 12:40:00,9.3077564643e+08,9.3077564643e+08,2.5462376804e+07,2.5462376804e+07
2020-03-17 12:45:00,9.1751195862e+08,9.1751195862e+08,2.5044713556e+07,2.5044713556e+07
2020-03-17 12:50:00,1.0486806423e+09,1.0486806423e+09,2.6576011669e+07,2.6576011669e+07
2020-03-17 12:55:00,9.1810911315e+08,9.1810911315e+08,2.1488732834e+07,2.1488732834e+07
2020-03-17 13:00:00,1.1321675966e+09,1.1321675966e+09,2.4353561655e+07,2.4353561655e+07
2020-03-17 13:05:00,1.2641787704e+09,1.2641787704e+09,2.3357206874e+07,2.3357206874e+07
2020-03-17 13:10:00,1.0558037654e+09,1.0558037654e+09,2.1520145565e+07,2.1520145565e+07
2020-03-17 13:15:00,1.0423607097e+09,1.0423607097e+09,2.5276739149e+07,2.5276739149e+07
2020-03-17 13:20:00,8.8392810511e+08,8.8392810511e+08,2.3648402297e+07,2.3648402297e+07
2020-03-17 13:25:00,9.2690329074e+08,9.2690329074e+08,2.4475878875e+07,2.4475878875e+07
2020-03-17 13:30:00,1.4832646209e+09,1.4832646209e+09,2.6477368939e+07,2.6477368939e+07
2020-03-17 13:35:00,1.0201364518e+09,1.0201364518e+09,2.1199682057e+07,2.1199682057e+07
2020-03-17 13:40:00,8.6339426326e+08,8.6339426326e+08,2.1695550817e+07,2.1695550817e+07
2020-03-17 13:45:00,8.8912104953e+08,8.8912104953e+08,2.2063216518e+07,2.2063216518e+07
2020-03-17 13:50:00,8.1047591958e+08,8.1047591958e+08,1.0278804785e+08,1.0278804785e+08
2020-03-17 13:55:00,7.3853406678e+08,7.3853406678e+08,2.3848912325e+07,2.3848912325e+07
2020-03-17 14:00:00,8.5413940530e+08,8.5413940530e+08,2.8590440913e+07,2.8590440913e+07
2020-03-17 14:05:00,8.4580054442e+08,8.4580054442e+08,2.9490283873e+07,2.9490283873e+07
2020-03-17 14:10:00,8.1685451275e+08,8.1685451275e+08,2.9489912496e+07,2.9489912496e+07
2020-03-17 14:15:00,7.9869732905e+08,7.9869732905e+08,3.4142926626e+07,3.4142926626e+07
2020-03-17 14:20:00,7.2181640929e+08,7.2181640929e+08,3.0202355165e+07,3.0202355165e+07
2020-03-17 14:25:00,8.8237944103e+08,8.8237944103e+08,3.2083046168e+07,3.2083046168e+07
2020-03-17 14:30:00,8.2057995848e+08,8.2057995848e+08,3.5112573728e+07,3.5112573728e+07
2020-03-17 14:35:00,8.5464897767e+08,8.5464897767e+08,2.9000701217e+07,2.9000701217e+07
2020-03-17 14:40:00,8.7484615512e+08,8.7484615512e+08,2.7036297674e+07,2.7036297674e+07
2020-03-17 14:45:00,8.8020630093e+08,8.8020630093e+08,2.2179068318e+07,2.2179068318e+07
2020-03-17 14:50:00,8.6466036923e+08,8.6466036923e+08,2.3592076552e+07,2.3592076552e+07
2020-03-17 14:55:00,9.6729075244e+08,9.6729075244e+08,2.7081509162e+07,2.7081509162e+07
2020-03-17 15:00:00,8.4813224073e+08,8.4813224073e+08,2.6650474941e+07,2.6650474941e+07
2020-03-17 15:05:00,1.3625503800e+09,1.3625503800e+09,2.7758334264e+07,2.7758334264e+07
2020-03-17 15:10:00,8.3860735803e+08,8.3860735803e+08,2.4908393387e+07,2.4908393387e+07
2020-03-17 15:15:00,7.8124756711e+08,7.8124756711e+08,2.7730627960e+07,2.7730627960e+07
2020-03-17 15:20:00,8.6169646111e+08,8.6169646111e+08,2.5498234305e+07,2.5498234305e+07
2020-03-17 15:25:00,1.0377785466e+09,1.0377785466e+09,2.5082985705e+07,2.5082985705e+07
2020-03-17 15:30:00,9.2895801389e+08,9.2895801389e+08,1.2642368941e+08,1.2642368941e+08
2020-03-17 15:35:00,8.8817346779e+08,8.8817346779e+08,3.1938586447e+07,3.1938586447e+07
2020-03-17 15:40:00,9.2016296064e+08,9.2016296064e+08,2.4011194833e+07,2.4011194833e+07
2020-03-17 15:45:00,8.6738054604e+08,8.6738054604e+08,2.4137309304e+07,2.4137309304e+07
2020-03-17 15:50:00,8.0924999534e+08,8.0924999534e+08,2.5680369436e+07,2.5680369436e+07
2020-03-17 15:55:00,8.3675341775e+08,8.3675341775e+08,9.4867912232e+07,9.4867912232e+07
2020-03-17 16:00:00,1.3792391558e+09,1.3792391558e+09,2.4718068458e+07,2.4718068458e+07
2020-03-17 16:05:00,9.7957893573e+08,9.7957893573e+08,1.2312294742e+08,1.2312294742e+08
2020-03-17 16:10:00,8.5495780176e+08,8.5495780176e+08,2.1469999349e+07,2.1469999349e+07
2020-03-17 16:15:00,8.0472790097e+08,8.0472790097e+08,3.2007912111e+07,3.2007912111e+07
2020-03-17 16:20:00,9.3882875603e+08,9.3882875603e+08,2.5280140196e+07,2.5280140196e+07
2020-03-17 16:25:00,8.4066400677e+08,8.4066400677e+08,2.7154601626e+07,2.7154601626e+07
2020-03-17 16:30:00,8.3263410049e+08,8.3263410049e+08,5.2280528864e+08,5.2280528864e+08
2020-03-17 16:35:00,8.0556651710e+08,8.0556651710e+08,3.1137496162e+07,3.1137496162e+07
2020-03-17 16:40:00,8.2733788485e+08,8.2733788485e+08,2.7545985143e+07,2.7545985143e+07
2020-03-17 16:45:00,9.9206350632e+08,9.9206350632e+08,2.4918199286e+07,2.4918199286e+07
2020-03-17 16:50:00,9.3147752538e+08,9.3147752538e+08,2.3851955146e+07,2.3851955146e+07
2020-03-17 16:55:00,7.7337141491e+08,7.7337141491e+08,2.5861004743e+07,2.5861004743e+07
2020-03-17 17:00:00,8.4592945932e+08,8.4592945932e+08,2.7393856946e+07,2.7393856946e+07
2020-03-17 17:05:00,8.8331935678e+08,8.8331935678e+08,5.2670557139e+08,5.2670557139e+08
2020-03-17 17:10:00,8.1047312816e+08,8.1047312816e+08,3.2961920287e+07,3.2961920287e+07
2020-03-17 17:15:00,8.2467111623e+08,8.2467111623e+08,2.9755789025e+07,2.9755789025e+07
2020-03-17 17:20:00,1.0782908219e+09,1.0782908219e+09,3.3982993891e+07,3.3982993891e+07
2020-03-17 17:25:00,9.2208308010e+08,9.2208308010e+08,3.7469791513e+07,3.7469791513e+07
2020-03-17 17:30:00,7.9007015270e+08,7.9007015270e+08,4.7365047965e+07,4.7365047965e+07
2020-03-17 17:35:00,8.8648457329e+08,8.8648457329e+08,4.3814693614e+07,4.3814693614e+07
2020-03-17 17:40:00,8.5248481631e+08,8.5248481631e+08,4.2140250395e+07,4.2140250395e+07
2020-03-17 17:45:00,8.6009056722e+08,8.6009056722e+08,4.6200404864e+07,4.6200404864e+07
2020-03-17 17:50:00,1.4605506890e+09,1.4605506890e+09,1.1295939656e+08,1.1295939656e+08
2020-03-17 17:55:00,9.7280945891e+08,9.7280945891e+08,5.3903055106e+08,5.3903055106e+08
2020-03-17 18:00:00,9.6993724828e+08,9.6993724828e+08,4.5342988081e+07,4.5342988081e+07
2020-03-17 18:05:00,1.0764864171e+09,1.0764864171e+09,4.2775935007e+07,4.2775935007e+07
2020-03-17 18:10:00,9.3644178980e+08,9.3644178980e+08,4.1294854451e+07,4.1294854451e+07
2020-03-17 18:15:00,8.8518766552e+08,8.8518766552e+08,1.1242365503e+08,1.1242365503e+08
2020-03-17 18:20:00,8.4616426855e+08,8.4616426855e+08,3.9320900770e+07,3.9320900770e+07
2020-03-17 18:25:00,8.4952502046e+08,8.4952502046e+08,3.1664380145e+07,3.1664380145e+07
2020-03-17 18:30:00,8.0071791483e+08,8.0071791483e+08,3.5972453471e+07,3.5972453471e+07
2020-03-17 18:35:00,8.7453460794e+08,8.7453460794e+08,6.1667622091e+08,6.1667622091e+08
2020-03-17 18:40:00,8.6778451215e+08,8.6778451215e+08,3.3649578637e+07,3.3649578637e+07
2020-03-17 18:45:00,9.0623925484e+08,9.0623925484e+08,3.2706388354e+07,3.2706388354e+07
2020-03-17 18:50:00,8.9152503560e+08,8.9152503560e+08,3.3072642629e+07,3.3072642629e+07
2020-03-17 18:55:00,7.9436510844e+08,7.9436510844e+08,3.4988800126e+07,3.4988800126e+07
2020-03-17 19:00:00,8.7940754027e+08,8.7940754027e+08,2.7966130873e+07,2.7966130873e+07
2020-03-17 19:05:00,7.8465814871e+08,7.8465814871e+08,3.5334003483e+07,3.5334003483e+07
2020-03-17 19:10:00,7.5323649980e+08,7.5323649980e+08,1.5019120141e+08,1.5019120141e+08
2020-03-17 19:15:00,1.3041083669e+09,1.3041083669e+09,6.8642265620e+07,6.8642265620e+07
2020-03-17 19:20:00,8.1423847047e+08,8.1423847047e+08,1.4448013690e+08,1.4448013690e+08
2020-03-17 19:25:00,7.1103354100e+08,7.1103354100e+08,6.1605734425e+07,6.1605734425e+07
2020-03-17 19:30:00,8.4961605202e+08,8.4961605202e+08,3.9404126673e+07,3.9404126673e+07
2020-03-17 19:35:00,8.3326504097e+08,8.3326504097e+08,2.8404677323e+07,2.8404677323e+07
2020-03-17 19:40:00,9.0940610348e+08,9.0940610348e+08,2.6148610725e+07,2.6148610725e+07
2020-03-17 19:45:00,8.1008454517e+08,8.1008454517e+08,2.6853303111e+07,2.6853303111e+07
2020-03-17 19:50:00,8.6168446462e+08,8.6168446462e+08,2.9360768643e+07,2.9360768643e+07
2020-03-17 19:55:00,8.7453398111e+08,8.7453398111e+08,2.8571166586e+07,2.8571166586e+07
2020-03-17 20:00:00,7.6635445504e+08,7.6635445504e+08,3.1428694829e+07,3.1428694829e+07
2020-03-17 20:05:00,8.0676003947e+08,8.0676003947e+08,1.1502181388e+08,1.1502181388e+08
2020-03-17 20:10:00,8.1288624165e+08,8.1288624165e+08,3.1301703395e+07,3.1301703395e+07
2020-03-17 20:15:00,7.9784402130e+08,7.9784402130e+08,3.2522630405e+07,3.2522630405e+07
2020-03-17 20:20:00,8.0252894627e+08,8.0252894627e+08,2.9436538609e+07,2.9436538609e+07
2020-03-17 20:25:00,7.6460214164e+08,7.6460214164e+08,9.9342135869e+07,9.9342135869e+07
2020-03-17 20:30:00,7.1938947401e+08,7.1938947401e+08,2.7110131795e+07,2.7110131795e+07
2020-03-17 20:35:00,7.5747425346e+08,7.5747425346e+08,2.7420394469e+07,2.7420394469e+07
2020-03-17 20:40:00,7.4376003784e+08,7.4376003784e+08,2.8449396257e+07,2.8449396257e+07
2020-03-17 20:45:00,8.0385908532e+08,8.0385908532e+08,3.0284856759e+07,3.0284856759e+07
2020-03-17 20:50:00,6.7630788087e+08,6.7630788087e+08,3.2719906270e+07,3.2719906270e+07
2020-03-17 20:55:00,6.9098332033e+08,6.9098332033e+08,3.6599509404e+07,3.6599509404e+07
2020-03-17 21:00:00,6.8713190469e+08,6.8713190469e+08,3.2539853835e+07,3.2539853835e+07
2020-03-17 21:05:00,7.2963519215e+08,7.2963519215e+08,2.4438530144e+07,2.4438530144e+07
2020-03-17 21:10:00,7.0573245197e+08,7.0573245197e+08,2.8281381126e+07,2.8281381126e+07
2020-03-17 21:15:00,7.6017520466e+08,7.6017520466e+08,3.1433028426e+07,3.1433028426e+07
2020-03-17 21:20:00,7.3218950712e+08,7.3218950712e+08,2.8674672580e+07,2.8674672580e+07
2020-03-17 21:25:00,8.7278412354e+08,8.7278412354e+08,2.5991020394e+07,2.5991020394e+07
2020-03-17 21:30:00,9.4671536549e+08,9.4671536549e+08,3.1517003809e+07,3.1517003809e+07
2020-03-17 21:35:00,1.0044375359e+09,1.0044375359e+09,4.0845237789e+07,4.0845237789e+07
2020-03-17 21:40:00,7.3286894498e+08,7.3286894498e+08,2.5868861030e+07,2.5868861030e+07
2020-03-17 21:45:00,6.7429309834e+08,6.7429309834e+08,1.1111803658e+08,1.1111803658e+08
2020-03-17 21:50:00,6.9780400624e+08,6.9780400624e+08,2.9246339625e+07,2.9246339625e+07
2020-03-17 21:55:00,6.9812924668e+08,6.9812924668e+08,6.4984524998e+07,6.4984524998e+07
2020-03-17 22:00:00,7.4242511532e+08,7.4242511532e+08,2.8395608096e+07,2.8395608096e+07
2020-03-17 22:05:00,7.2667224848e+08,7.2667224848e+08,2.5689173174e+07,2.5689173174e+07
2020-03-17 22:10:00,5.8804081988e+08,5.8804081988e+08,2.3468645290e+07,2.3468645290e+07
2020-03-17 22:15:00,5.2311096073e+08,5.2311096073e+08,2.0308556464e+07,2.0308556464e+07
2020-03-17 22:20:00,4.8471006888e+08,4.8471006888e+08,1.7689327820e+07,1.7689327820e+07
2020-03-17 22:25:00,5.1534446205e+08,5.1534446205e+08,1.8427538314e+07,1.8427538314e+07
2020-03-17 22:30:00,5.0392753532e+08,5.0392753532e+08,1.7003241581e+07,1.7003241581e+07
2020-03-17 22:35:00,6.1759043876e+08,6.1759043876e+08,1.6846177024e+07,1.6846177024e+07
2020-03-17 22:40:00,4.2366204526e+08,4.2366204526e+08,1.4655685045e+07,1.4655685045e+07
2020-03-17 22:45:00,3.9164969242e+08,3.9164969242e+08,1.8372824956e+07,1.8372824956e+07
2020-03-17 22:50:00,4.8154592331e+08,4.8154592331e+08,2.8380848451e+07,2.8380848451e+07
2020-03-17 22:55:00,4.0606297883e+08,4.0606297883e+08,2.3791012211e+07,2.3791012211e+07
2020-03-17 23:00:00,3.8352154366e+08,3.8352154366e+08,1.6749468116e+07,1.6749468116e+07
2020-03-17 23:05:00,4.0058013757e+08,4.0058013757e+08,1.7438968271e+08,1.7438968271e+08
2020-03-17 23:10:00,4.1516785651e+08,4.1516785651e+08,1.7458335372e+07,1.7458335372e+07
2020-03-17 23:15:00,3.2972923397e+08,3.2972923397e+08,1.4032035867e+07,1.4032035867e+07
2020-03-17 23:20:00,3.9033744143e+08,3.9033744143e+08,1.3381805422e+07,1.3381805422e+07
2020-03-17 23:25:00,3.9733037292e+08,3.9733037292e+08,4.2476276466e+07,4.2476276466e+07
2020-03-17 23:30:00,3.4949786729e+08,3.4949786729e+08,4.4463919014e+07,4.4463919014e+07
2020-03-17 23:35:00,3.1174534712e+08,3.1174534712e+08,2.7892124037e+07,2.7892124037e+07
2020-03-17 23:40:00,3.1255565472e+08,3.1255565472e+08,1.0856643337e+07,1.0856643337e+07
2020-03-17 23:45:00,2.8822871513e+08,2.8822871513e+08,1.0020295583e+07,1.0020295583e+07
2020-03-17 23:50:00,2.9729229693e+08,2.9729229693e+08,1.1693254807e+07,1.1693254807e+07
2020-03-17 23:55:00,8.5943965828e+08,8.5943965828e+08,1.3191494973e+07,1.3191494973e+07
2020-03-18 00:00:00,3.4181978976e+08,3.4181978976e+08,1.5115185670e+07,1.5115185670e+07
