DATE,NLBE,NLBE_peak,BENL,BENL_peak
2020-03-25 22:05:00,9.5384049987e+05,9.5384049987e+05,9.6445319768e+05,9.6445319768e+05
2020-03-25 22:10:00,9.4453051897e+05,9.4453051897e+05,1.0505817928e+06,1.0505817928e+06
2020-03-25 22:15:00,9.5707102969e+05,9.5707102969e+05,1.0090717445e+06,1.0090717445e+06
2020-03-25 22:20:00,9.3755599925e+05,9.3755599925e+05,1.0118294419e+06,1.0118294419e+06
2020-03-25 22:25:00,9.5128516635e+05,9.5128516635e+05,1.1425000849e+06,1.1425000849e+06
2020-03-25 22:30:00,9.1732320000e+05,9.1732320000e+05,1.0220839927e+06,1.0220839927e+06
2020-03-25 22:35:00,9.1304692587e+05,9.1304692587e+05,9.8648738667e+05,9.8648738667e+05
2020-03-25 22:40:00,9.4899291609e+05,9.4899291609e+05,9.7581189422e+05,9.7581189422e+05
2020-03-25 22:45:00,9.6055213471e+05,9.6055213471e+05,1.0784440389e+06,1.0784440389e+06
2020-03-25 22:50:00,9.6432458173e+05,9.6432458173e+05,1.0017327572e+06,1.0017327572e+06
2020-03-25 22:55:00,9.4818428007e+05,9.4818428007e+05,9.8350952699e+05,9.8350952699e+05
2020-03-25 23:00:00,9.5453235193e+05,9.5453235193e+05,9.9048674150e+05,9.9048674150e+05
2020-03-25 23:05:00,9.4630263653e+05,9.4630263653e+05,1.0404607635e+06,1.0404607635e+06
2020-03-25 23:10:00,9.5668968766e+05,9.5668968766e+05,9.9189037950e+05,9.9189037950e+05
2020-03-25 23:15:00,9.7046332578e+05,9.7046332578e+05,1.0902137020e+06,1.0902137020e+06
2020-03-25 23:20:00,9.4968150615e+05,9.4968150615e+05,1.0308578121e+06,1.0308578121e+06
2020-03-25 23:25:00,9.6961766521e+05,9.6961766521e+05,1.0213474922e+06,1.0213474922e+06
2020-03-25 23:30:00,9.5521657570e+05,9.5521657570e+05,1.0173164073e+06,1.0173164073e+06
2020-03-25 23:35:00,9.5738275271e+05,9.5738275271e+05,1.1042957866e+06,1.1042957866e+06
2020-03-25 23:40:00,9.5640026732e+05,9.5640026732e+05,9.8676506841e+05,9.8676506841e+05
2020-03-25 23:45:00,9.5028450838e+05,9.5028450838e+05,1.0590728346e+06,1.0590728346e+06
2020-03-25 23:50:00,9.3246726371e+05,9.3246726371e+05,1.0252527666e+06,1.0252527666e+06
2020-03-25 23:55:00,9.4814906949e+05,9.4814906949e+05,1.0569557198e+06,1.0569557198e+06
2020-03-26 00:00:00,9.6011835401e+05,9.6011835401e+05,1.0752961930e+06,1.0752961930e+06
2020-03-26 00:05:00,9.8432000369e+05,9.8432000369e+05,9.9954201936e+05,9.9954201936e+05
2020-03-26 00:10:00,9.5501054994e+05,9.5501054994e+05,9.8367880488e+05,9.8367880488e+05
2020-03-26 00:15:00,9.3695504757e+05,9.3695504757e+05,1.0464519272e+06,1.0464519272e+06
2020-03-26 00:20:00,9.9771505387e+05,9.9771505387e+05,1.0478260288e+06,1.0478260288e+06
2020-03-26 00:25:00,9.2084989771e+05,9.2084989771e+05,9.5212276169e+05,9.5212276169e+05
2020-03-26 00:30:00,9.5780231794e+05,9.5780231794e+05,9.8243506000e+05,9.8243506000e+05
2020-03-26 00:35:00,9.3018385849e+05,9.3018385849e+05,9.6798465813e+05,9.6798465813e+05
2020-03-26 00:40:00,9.4144312569e+05,9.4144312569e+05,9.7692742773e+05,9.7692742773e+05
2020-03-26 00:45:00,9.5884531703e+05,9.5884531703e+05,9.7923319805e+05,9.7923319805e+05
2020-03-26 00:50:00,9.2460946611e+05,9.2460946611e+05,1.0412451005e+06,1.0412451005e+06
2020-03-26 00:55:00,9.3680852919e+05,9.3680852919e+05,1.0517754695e+06,1.0517754695e+06
2020-03-26 01:00:00,9.5377875848e+05,9.5377875848e+05,9.8103797418e+05,9.8103797418e+05
2020-03-26 01:05:00,9.6875849663e+05,9.6875849663e+05,9.7689215392e+05,9.7689215392e+05
2020-03-26 01:10:00,9.5059714527e+05,9.5059714527e+05,9.7954074730e+05,9.7954074730e+05
2020-03-26 01:15:00,9.5068032011e+05,9.5068032011e+05,9.7785740977e+05,9.7785740977e+05
2020-03-26 01:20:00,9.3341737020e+05,9.3341737020e+05,1.0455299989e+06,1.0455299989e+06
2020-03-26 01:25:00,9.5166928622e+05,9.5166928622e+05,9.9014719893e+05,9.9014719893e+05
2020-03-26 01:30:00,9.6104163236e+05,9.6104163236e+05,1.0793752258e+06,1.0793752258e+06
2020-03-26 01:35:00,9.2553911520e+05,9.2553911520e+05,9.5573959200e+05,9.5573959200e+05
2020-03-26 01:40:00,9.5241327709e+05,9.5241327709e+05,9.8185723078e+05,9.8185723078e+05
2020-03-26 01:45:00,9.6723221865e+05,9.6723221865e+05,1.0334465556e+06,1.0334465556e+06
2020-03-26 01:50:00,9.2918005591e+05,9.2918005591e+05,1.1201884183e+06,1.1201884183e+06
2020-03-26 01:55:00,9.3590530294e+05,9.3590530294e+05,1.0493220748e+06,1.0493220748e+06
2020-03-26 02:00:00,9.7733794835e+05,9.7733794835e+05,1.0739019254e+06,1.0739019254e+06
2020-03-26 02:05:00,9.6097790689e+05,9.6097790689e+05,1.0468233809e+06,1.0468233809e+06
2020-03-26 02:10:00,9.5604593382e+05,9.5604593382e+05,9.8410383787e+05,9.8410383787e+05
2020-03-26 02:15:00,9.4223055093e+05,9.4223055093e+05,9.7428612160e+05,9.7428612160e+05
2020-03-26 02:20:00,9.5872497173e+05,9.5872497173e+05,1.0669188189e+06,1.0669188189e+06
2020-03-26 02:25:00,9.3600269334e+05,9.3600269334e+05,9.6464814343e+05,9.6464814343e+05
2020-03-26 02:30:00,9.4833756419e+05,9.4833756419e+05,9.7768203259e+05,9.7768203259e+05
2020-03-26 02:35:00,9.2614179820e+05,9.2614179820e+05,9.5727442505e+05,9.5727442505e+05
2020-03-26 02:40:00,9.5304927850e+05,9.5304927850e+05,1.0601486872e+06,1.0601486872e+06
2020-03-26 02:45:00,9.4881593110e+05,9.4881593110e+05,9.8079431444e+05,9.8079431444e+05
2020-03-26 02:50:00,9.3452340000e+05,9.3452340000e+05,1.0388098924e+06,1.0388098924e+06
2020-03-26 02:55:00,9.5793731058e+05,9.5793731058e+05,9.8933503022e+05,9.8933503022e+05
2020-03-26 03:00:00,9.0836284018e+05,9.0836284018e+05,9.3600892711e+05,9.3600892711e+05
2020-03-26 03:05:00,9.2615431418e+05,9.2615431418e+05,9.2976647223e+05,9.2976647223e+05
2020-03-26 03:10:00,9.6230083240e+05,9.6230083240e+05,9.8961330083e+05,9.8961330083e+05
2020-03-26 03:15:00,9.6204532320e+05,9.6204532320e+05,9.8011963253e+05,9.8011963253e+05
2020-03-26 03:20:00,9.3244094427e+05,9.3244094427e+05,1.1178467995e+06,1.1178467995e+06
2020-03-26 03:25:00,9.4355166696e+05,9.4355166696e+05,9.7373605461e+05,9.7373605461e+05
2020-03-26 03:30:00,9.4614351189e+05,9.4614351189e+05,9.6827878867e+05,9.6827878867e+05
2020-03-26 03:35:00,9.2882222228e+05,9.2882222228e+05,9.6002254042e+05,9.6002254042e+05
2020-03-26 03:40:00,9.7110812242e+05,9.7110812242e+05,1.0023813413e+06,1.0023813413e+06
2020-03-26 03:45:00,9.3814075661e+05,9.3814075661e+05,1.0388394393e+06,1.0388394393e+06
2020-03-26 03:50:00,9.4095404143e+05,9.4095404143e+05,1.1304731836e+06,1.1304731836e+06
2020-03-26 03:55:00,9.6715430541e+05,9.6715430541e+05,1.0801753134e+06,1.0801753134e+06
2020-03-26 04:00:00,9.8005945913e+05,9.8005945913e+05,1.1067819808e+06,1.1067819808e+06
2020-03-26 04:05:00,9.4081835234e+05,9.4081835234e+05,9.5225579261e+05,9.5225579261e+05
2020-03-26 04:10:00,4.7544829952e+05,4.7544829952e+05,9.1262889466e+05,9.1262889466e+05
2020-03-26 04:15:00,5.1485956441e+05,5.1485956441e+05,8.6207883287e+05,8.6207883287e+05
2020-03-26 04:20:00,9.3554202791e+05,9.3554202791e+05,1.0468786732e+06,1.0468786732e+06
2020-03-26 04:25:00,9.6409705102e+05,9.6409705102e+05,9.9014030684e+05,9.9014030684e+05
2020-03-26 04:30:00,9.4225953359e+05,9.4225953359e+05,9.7393870864e+05,9.7393870864e+05
2020-03-26 04:35:00,9.4138160991e+05,9.4138160991e+05,1.0497246509e+06,1.0497246509e+06
2020-03-26 04:40:00,9.2257615496e+05,9.2257615496e+05,9.4274260036e+05,9.4274260036e+05
2020-03-26 04:45:00,9.4924601539e+05,9.4924601539e+05,9.7501907188e+05,9.7501907188e+05
2020-03-26 04:50:00,9.4899412046e+05,9.4899412046e+05,1.0562863392e+06,1.0562863392e+06
2020-03-26 04:55:00,9.4747074531e+05,9.4747074531e+05,9.7720838993e+05,9.7720838993e+05
2020-03-26 05:00:00,9.4542961147e+05,9.4542961147e+05,9.7107885793e+05,9.7107885793e+05
2020-03-26 05:05:00,9.5697554616e+05,9.5697554616e+05,9.7391707890e+05,9.7391707890e+05
2020-03-26 05:10:00,9.5520240135e+05,9.5520240135e+05,1.0780640544e+06,1.0780640544e+06
2020-03-26 05:15:00,1.0014779382e+06,1.0014779382e+06,9.7597833457e+05,9.7597833457e+05
2020-03-26 05:20:00,9.2733352293e+05,9.2733352293e+05,9.5866859867e+05,9.5866859867e+05
2020-03-26 05:25:00,9.3727730957e+05,9.3727730957e+05,1.0445653447e+06,1.0445653447e+06
2020-03-26 05:30:00,9.4290445247e+05,9.4290445247e+05,9.6591904841e+05,9.6591904841e+05
2020-03-26 05:35:00,9.3559299981e+05,9.3559299981e+05,9.7080749044e+05,9.7080749044e+05
2020-03-26 05:40:00,9.6939542771e+05,9.6939542771e+05,1.0586031481e+06,1.0586031481e+06
2020-03-26 05:45:00,9.5566998668e+05,9.5566998668e+05,1.1473728639e+06,1.1473728639e+06
2020-03-26 05:50:00,9.3953340215e+05,9.3953340215e+05,1.0540417628e+06,1.0540417628e+06
2020-03-26 05:55:00,9.4895221040e+05,9.4895221040e+05,1.1074609363e+06,1.1074609363e+06
2020-03-26 06:00:00,5.0148925867e+05,5.0148925867e+05,5.1766579387e+05,5.1766579387e+05
2020-03-26 06:05:00,9.7312505310e+05,9.7312505310e+05,9.6909039737e+05,9.6909039737e+05
2020-03-26 06:10:00,9.6919351908e+05,9.6919351908e+05,9.9725820157e+05,9.9725820157e+05
2020-03-26 06:15:00,9.3481288213e+05,9.3481288213e+05,9.5589413849e+05,9.5589413849e+05
2020-03-26 06:20:00,9.3048072889e+05,9.3048072889e+05,9.6445401422e+05,9.6445401422e+05
2020-03-26 06:25:00,9.7892515662e+05,9.7892515662e+05,1.0906702000e+06,1.0906702000e+06
2020-03-26 06:30:00,9.3441000072e+05,9.3441000072e+05,1.0369434073e+06,1.0369434073e+06
2020-03-26 06:35:00,9.2784641936e+05,9.2784641936e+05,9.5475876040e+05,9.5475876040e+05
2020-03-26 06:40:00,9.5746438222e+05,9.5746438222e+05,9.9076915748e+05,9.9076915748e+05
2020-03-26 06:45:00,9.5491694772e+05,9.5491694772e+05,9.8061134874e+05,9.8061134874e+05
2020-03-26 06:50:00,9.2690808510e+05,9.2690808510e+05,9.5798698978e+05,9.5798698978e+05
2020-03-26 06:55:00,9.6301118532e+05,9.6301118532e+05,9.9037888254e+05,9.9037888254e+05
2020-03-26 07:00:00,9.4126803954e+05,9.4126803954e+05,1.0576320622e+06,1.0576320622e+06
2020-03-26 07:05:00,9.6813477415e+05,9.6813477415e+05,1.0555124161e+06,1.0555124161e+06
2020-03-26 07:10:00,9.5766619911e+05,9.5766619911e+05,9.8426447484e+05,9.8426447484e+05
2020-03-26 07:15:00,9.4246842542e+05,9.4246842542e+05,9.7415869564e+05,9.7415869564e+05
2020-03-26 07:20:00,9.3228977132e+05,9.3228977132e+05,9.7121620496e+05,9.7121620496e+05
2020-03-26 07:25:00,9.6612777966e+05,9.6612777966e+05,9.9742091686e+05,9.9742091686e+05
2020-03-26 07:30:00,9.6487077467e+05,9.6487077467e+05,1.0688165130e+06,1.0688165130e+06
2020-03-26 07:35:00,9.5002063545e+05,9.5002063545e+05,1.0647358337e+06,1.0647358337e+06
2020-03-26 07:40:00,9.4496309722e+05,9.4496309722e+05,1.0345116578e+06,1.0345116578e+06
2020-03-26 07:45:00,9.5217315673e+05,9.5217315673e+05,1.0621315711e+06,1.0621315711e+06
2020-03-26 07:50:00,9.7325852087e+05,9.7325852087e+05,1.0861626678e+06,1.0861626678e+06
2020-03-26 07:55:00,9.4103908853e+05,9.4103908853e+05,1.0214633744e+06,1.0214633744e+06
2020-03-26 08:00:00,9.3676361093e+05,9.3676361093e+05,9.6777343013e+05,9.6777343013e+05
2020-03-26 08:05:00,9.7826149687e+05,9.7826149687e+05,1.0769367717e+06,1.0769367717e+06
2020-03-26 08:10:00,9.5403229843e+05,9.5403229843e+05,9.8532371140e+05,9.8532371140e+05
2020-03-26 08:15:00,9.4166757190e+05,9.4166757190e+05,1.0543776926e+06,1.0543776926e+06
2020-03-26 08:20:00,1.0028981579e+06,1.0028981579e+06,9.7769224293e+05,9.7769224293e+05
2020-03-26 08:25:00,9.4494024194e+05,9.4494024194e+05,9.5787882145e+05,9.5787882145e+05
2020-03-26 08:30:00,9.4205251263e+05,9.4205251263e+05,9.4323746563e+05,9.4323746563e+05
2020-03-26 08:35:00,9.3261914427e+05,9.3261914427e+05,1.0299876390e+06,1.0299876390e+06
2020-03-26 08:40:00,9.4761824311e+05,9.4761824311e+05,9.7479974278e+05,9.7479974278e+05
2020-03-26 08:45:00,9.4113819680e+05,9.4113819680e+05,9.5501330951e+05,9.5501330951e+05
2020-03-26 08:50:00,9.3590178062e+05,9.3590178062e+05,1.0371323380e+06,1.0371323380e+06
2020-03-26 08:55:00,9.6945905618e+05,9.6945905618e+05,1.0930170661e+06,1.0930170661e+06
2020-03-26 09:00:00,9.4508914951e+05,9.4508914951e+05,1.0746891783e+06,1.0746891783e+06
2020-03-26 09:05:00,9.4754641373e+05,9.4754641373e+05,1.0558311040e+06,1.0558311040e+06
2020-03-26 09:10:00,9.5023066413e+05,9.5023066413e+05,1.1615725810e+06,1.1615725810e+06
2020-03-26 09:15:00,9.5798857600e+05,9.5798857600e+05,1.0857330707e+06,1.0857330707e+06
2020-03-26 09:20:00,8.8319713787e+05,8.8319713787e+05,1.0031019573e+06,1.0031019573e+06
2020-03-26 09:25:00,8.3976063863e+05,8.3976063863e+05,9.5175906612e+05,9.5175906612e+05
2020-03-26 09:30:00,9.6331296306e+05,9.6331296306e+05,1.1717799783e+06,1.1717799783e+06
2020-03-26 09:35:00,9.3057295737e+05,9.3057295737e+05,1.1031125956e+06,1.1031125956e+06
2020-03-26 09:40:00,9.6949222558e+05,9.6949222558e+05,1.2582707199e+06,1.2582707199e+06
2020-03-26 09:45:00,9.6431738417e+05,9.6431738417e+05,1.1672769800e+06,1.1672769800e+06
2020-03-26 09:50:00,9.1111357909e+05,9.1111357909e+05,1.1004783495e+06,1.1004783495e+06
2020-03-26 09:55:00,9.6630337637e+05,9.6630337637e+05,1.0922244597e+06,1.0922244597e+06
2020-03-26 10:00:00,9.4627600427e+05,9.4627600427e+05,1.0929407571e+06,1.0929407571e+06
2020-03-26 10:05:00,9.7397176667e+05,9.7397176667e+05,1.1472721338e+06,1.1472721338e+06
2020-03-26 10:10:00,9.5747432462e+05,9.5747432462e+05,1.1660988133e+06,1.1660988133e+06
2020-03-26 10:15:00,9.5380827947e+05,9.5380827947e+05,1.0777753929e+06,1.0777753929e+06
2020-03-26 10:20:00,9.4837266606e+05,9.4837266606e+05,1.0745799339e+06,1.0745799339e+06
2020-03-26 10:25:00,9.6412299226e+05,9.6412299226e+05,1.0880938263e+06,1.0880938263e+06
2020-03-26 10:30:00,9.4122328875e+05,9.4122328875e+05,1.0682538248e+06,1.0682538248e+06
2020-03-26 10:35:00,9.3526935605e+05,9.3526935605e+05,1.0644279759e+06,1.0644279759e+06
2020-03-26 10:40:00,9.9352627627e+05,9.9352627627e+05,1.2653575826e+06,1.2653575826e+06
2020-03-26 10:45:00,9.3070907111e+05,9.3070907111e+05,1.0676125196e+06,1.0676125196e+06
2020-03-26 10:50:00,9.4419056640e+05,9.4419056640e+05,1.0716908078e+06,1.0716908078e+06
2020-03-26 10:55:00,9.6409674215e+05,9.6409674215e+05,1.0989355329e+06,1.0989355329e+06
2020-03-26 11:00:00,9.3065244434e+05,9.3065244434e+05,1.0409965798e+06,1.0409965798e+06
2020-03-26 11:05:00,9.6307436000e+05,9.6307436000e+05,1.0567779421e+06,1.0567779421e+06
2020-03-26 11:10:00,9.6043369600e+05,9.6043369600e+05,1.0154905016e+06,1.0154905016e+06
2020-03-26 11:15:00,9.4669279479e+05,9.4669279479e+05,1.0543580851e+06,1.0543580851e+06
2020-03-26 11:20:00,9.3546007913e+05,9.3546007913e+05,1.0422663541e+06,1.0422663541e+06
2020-03-26 11:25:00,9.6589545862e+05,9.6589545862e+05,9.9256415234e+05,9.9256415234e+05
2020-03-26 11:30:00,9.4130676091e+05,9.4130676091e+05,1.0323848781e+06,1.0323848781e+06
2020-03-26 11:35:00,9.1510138628e+05,9.1510138628e+05,1.0189220022e+06,1.0189220022e+06
2020-03-26 11:40:00,9.4950998240e+05,9.4950998240e+05,1.0608433250e+06,1.0608433250e+06
2020-03-26 11:45:00,9.1017278516e+05,9.1017278516e+05,1.0542358104e+06,1.0542358104e+06
2020-03-26 11:50:00,9.1810563620e+05,9.1810563620e+05,9.4510966814e+05,9.4510966814e+05
2020-03-26 11:55:00,9.3113346992e+05,9.3113346992e+05,1.0473356186e+06,1.0473356186e+06
2020-03-26 12:00:00,9.2398901548e+05,9.2398901548e+05,9.5164845546e+05,9.5164845546e+05
2020-03-26 12:05:00,9.5923588942e+05,9.5923588942e+05,9.6214257280e+05,9.6214257280e+05
2020-03-26 12:10:00,9.4752032409e+05,9.4752032409e+05,9.7522523042e+05,9.7522523042e+05
2020-03-26 12:15:00,9.5242883290e+05,9.5242883290e+05,9.7614945923e+05,9.7614945923e+05
2020-03-26 12:20:00,9.4339671643e+05,9.4339671643e+05,1.0455492993e+06,1.0455492993e+06
2020-03-26 12:25:00,9.1567967114e+05,9.1567967114e+05,9.4977895599e+05,9.4977895599e+05
2020-03-26 12:30:00,9.5106199879e+05,9.5106199879e+05,9.7910877371e+05,9.7910877371e+05
2020-03-26 12:35:00,9.5299858732e+05,9.5299858732e+05,1.0616687914e+06,1.0616687914e+06
2020-03-26 12:40:00,9.3752774275e+05,9.3752774275e+05,9.7004259289e+05,9.7004259289e+05
2020-03-26 12:45:00,9.4451160376e+05,9.4451160376e+05,9.7665533030e+05,9.7665533030e+05
2020-03-26 12:50:00,9.6416640905e+05,9.6416640905e+05,1.0689841669e+06,1.0689841669e+06
2020-03-26 12:55:00,9.5619674848e+05,9.5619674848e+05,9.9055943945e+05,9.9055943945e+05
2020-03-26 13:00:00,9.5142712219e+05,9.5142712219e+05,9.8418885744e+05,9.8418885744e+05
2020-03-26 13:05:00,9.6618147173e+05,9.6618147173e+05,1.0837338723e+06,1.0837338723e+06
2020-03-26 13:10:00,9.6190085582e+05,9.6190085582e+05,1.0802564983e+06,1.0802564983e+06
2020-03-26 13:15:00,9.5359035485e+05,9.5359035485e+05,1.0573047480e+06,1.0573047480e+06
2020-03-26 13:20:00,9.4690221552e+05,9.4690221552e+05,1.0769028922e+06,1.0769028922e+06
2020-03-26 13:25:00,9.6697181381e+05,9.6697181381e+05,9.9424638655e+05,9.9424638655e+05
2020-03-26 13:30:00,9.6155917355e+05,9.6155917355e+05,9.9684355311e+05,9.9684355311e+05
2020-03-26 13:35:00,9.3951487656e+05,9.3951487656e+05,9.6353184116e+05,9.6353184116e+05
2020-03-26 13:40:00,9.3262984781e+05,9.3262984781e+05,9.6394767946e+05,9.6394767946e+05
2020-03-26 13:45:00,9.5249091417e+05,9.5249091417e+05,1.0565698315e+06,1.0565698315e+06
2020-03-26 13:50:00,9.5278805013e+05,9.5278805013e+05,9.7548214436e+05,9.7548214436e+05
2020-03-26 13:55:00,9.3933468379e+05,9.3933468379e+05,1.0266685739e+06,1.0266685739e+06
2020-03-26 14:00:00,9.4541632385e+05,9.4541632385e+05,9.7517257547e+05,9.7517257547e+05
2020-03-26 14:05:00,9.7499465867e+05,9.7499465867e+05,9.8919667947e+05,9.8919667947e+05
2020-03-26 14:10:00,9.2175901951e+05,9.2175901951e+05,9.7482626543e+05,9.7482626543e+05
2020-03-26 14:15:00,9.2322591258e+05,9.2322591258e+05,9.6536033226e+05,9.6536033226e+05
2020-03-26 14:20:00,9.4909572089e+05,9.4909572089e+05,9.7585816498e+05,9.7585816498e+05
2020-03-26 14:25:00,9.6794225120e+05,9.6794225120e+05,1.1585281294e+06,1.1585281294e+06
2020-03-26 14:30:00,9.5147201956e+05,9.5147201956e+05,9.8609586169e+05,9.8609586169e+05
2020-03-26 14:35:00,9.4912680551e+05,9.4912680551e+05,9.7847654098e+05,9.7847654098e+05
2020-03-26 14:40:00,9.7233271317e+05,9.7233271317e+05,1.0031117148e+06,1.0031117148e+06
2020-03-26 14:45:00,9.4233336050e+05,9.4233336050e+05,9.7179990707e+05,9.7179990707e+05
2020-03-26 14:50:00,9.5064841664e+05,9.5064841664e+05,9.8121875898e+05,9.8121875898e+05
2020-03-26 14:55:00,9.4019899699e+05,9.4019899699e+05,9.6274042764e+05,9.6274042764e+05
2020-03-26 15:00:00,9.5149201281e+05,9.5149201281e+05,1.1236424466e+06,1.1236424466e+06
2020-03-26 15:05:00,9.7443707565e+05,9.7443707565e+05,9.8170924230e+05,9.8170924230e+05
2020-03-26 15:10:00,9.4902873099e+05,9.4902873099e+05,9.7995592474e+05,9.7995592474e+05
2020-03-26 15:15:00,9.5660265356e+05,9.5660265356e+05,9.8199341231e+05,9.8199341231e+05
2020-03-26 15:20:00,9.5117683915e+05,9.5117683915e+05,1.0033448670e+06,1.0033448670e+06
2020-03-26 15:25:00,9.6331728912e+05,9.6331728912e+05,1.0578618392e+06,1.0578618392e+06
2020-03-26 15:30:00,9.6177551897e+05,9.6177551897e+05,1.1412418900e+06,1.1412418900e+06
2020-03-26 15:35:00,9.4687507963e+05,9.4687507963e+05,1.0555255558e+06,1.0555255558e+06
2020-03-26 15:40:00,9.5634766905e+05,9.5634766905e+05,1.0981283800e+06,1.0981283800e+06
2020-03-26 15:45:00,9.6985874540e+05,9.6985874540e+05,9.9616738487e+05,9.9616738487e+05
2020-03-26 15:50:00,9.5277037197e+05,9.5277037197e+05,9.8543835499e+05,9.8543835499e+05
2020-03-26 15:55:00,9.6081637366e+05,9.6081637366e+05,9.8775095276e+05,9.8775095276e+05
2020-03-26 16:00:00,9.5512954270e+05,9.5512954270e+05,9.8917714190e+05,9.8917714190e+05
2020-03-26 16:05:00,9.7267958107e+05,9.7267958107e+05,1.0589879707e+06,1.0589879707e+06
2020-03-26 16:10:00,9.6883951840e+05,9.6883951840e+05,1.0886362571e+06,1.0886362571e+06
2020-03-26 16:15:00,9.3818402412e+05,9.3818402412e+05,9.7664105389e+05,9.7664105389e+05
2020-03-26 16:20:00,9.7763898661e+05,9.7763898661e+05,9.4579143224e+05,9.4579143224e+05
2020-03-26 16:25:00,9.6654061380e+05,9.6654061380e+05,9.9450560320e+05,9.9450560320e+05
2020-03-26 16:30:00,9.4960130241e+05,9.4960130241e+05,9.7938443212e+05,9.7938443212e+05
2020-03-26 16:35:00,9.4182086381e+05,9.4182086381e+05,1.0518651073e+06,1.0518651073e+06
2020-03-26 16:40:00,9.5283016792e+05,9.5283016792e+05,9.8416838965e+05,9.8416838965e+05
2020-03-26 16:45:00,9.3516381119e+05,9.3516381119e+05,9.5620421737e+05,9.5620421737e+05
2020-03-26 16:50:00,9.6062255597e+05,9.6062255597e+05,1.0752235532e+06,1.0752235532e+06
2020-03-26 16:55:00,9.3873465663e+05,9.3873465663e+05,1.0885918028e+06,1.0885918028e+06
2020-03-26 17:00:00,9.5343486782e+05,9.5343486782e+05,1.0828491191e+06,1.0828491191e+06
2020-03-26 17:05:00,9.9442232041e+05,9.9442232041e+05,1.1626359114e+06,1.1626359114e+06
2020-03-26 17:10:00,9.4519208093e+05,9.4519208093e+05,1.0770405114e+06,1.0770405114e+06
2020-03-26 17:15:00,1.0172908717e+06,1.0172908717e+06,1.0903702547e+06,1.0903702547e+06
2020-03-26 17:20:00,9.4597545338e+05,9.4597545338e+05,1.0778937839e+06,1.0778937839e+06
2020-03-26 17:25:00,9.7195437280e+05,9.7195437280e+05,1.1930706192e+06,1.1930706192e+06
2020-03-26 17:30:00,9.3435900320e+05,9.3435900320e+05,1.0672163049e+06,1.0672163049e+06
2020-03-26 17:35:00,9.2746136225e+05,9.2746136225e+05,1.0558091666e+06,1.0558091666e+06
2020-03-26 17:40:00,9.4362851259e+05,9.4362851259e+05,1.1375411204e+06,1.1375411204e+06
2020-03-26 17:45:00,9.4361855254e+05,9.4361855254e+05,1.0770633566e+06,1.0770633566e+06
2020-03-26 17:50:00,9.5014167947e+05,9.5014167947e+05,1.0855084535e+06,1.0855084535e+06
2020-03-26 17:55:00,9.5904403982e+05,9.5904403982e+05,1.0917632206e+06,1.0917632206e+06
2020-03-26 18:00:00,9.3580167707e+05,9.3580167707e+05,1.1470065550e+06,1.1470065550e+06
2020-03-26 18:05:00,9.5144502009e+05,9.5144502009e+05,1.0537252312e+06,1.0537252312e+06
2020-03-26 18:10:00,9.5484993893e+05,9.5484993893e+05,1.1681696141e+06,1.1681696141e+06
2020-03-26 18:15:00,9.5547935135e+05,9.5547935135e+05,1.0878908969e+06,1.0878908969e+06
2020-03-26 18:20:00,9.4195340528e+05,9.4195340528e+05,1.0725663414e+06,1.0725663414e+06
2020-03-26 18:25:00,9.9583314151e+05,9.9583314151e+05,1.1317369751e+06,1.1317369751e+06
2020-03-26 18:30:00,9.1300382578e+05,9.1300382578e+05,1.0320662407e+06,1.0320662407e+06
2020-03-26 18:35:00,9.5625531653e+05,9.5625531653e+05,1.1703955861e+06,1.1703955861e+06
2020-03-26 18:40:00,9.5004532382e+05,9.5004532382e+05,1.1586132104e+06,1.1586132104e+06
2020-03-26 18:45:00,9.5440893179e+05,9.5440893179e+05,1.0729881507e+06,1.0729881507e+06
2020-03-26 18:50:00,9.3520752096e+05,9.3520752096e+05,1.0626493197e+06,1.0626493197e+06
2020-03-26 18:55:00,9.7007531141e+05,9.7007531141e+05,1.0978929666e+06,1.0978929666e+06
2020-03-26 19:00:00,9.4295632580e+05,9.4295632580e+05,1.0702861542e+06,1.0702861542e+06
2020-03-26 19:05:00,9.6265214396e+05,9.6265214396e+05,1.0064484967e+06,1.0064484967e+06
2020-03-26 19:10:00,9.2310917168e+05,9.2310917168e+05,1.0338132204e+06,1.0338132204e+06
2020-03-26 19:15:00,9.6142481805e+05,9.6142481805e+05,1.1428193025e+06,1.1428193025e+06
2020-03-26 19:20:00,9.2954656602e+05,9.2954656602e+05,1.0406063207e+06,1.0406063207e+06
2020-03-26 19:25:00,9.5752282261e+05,9.5752282261e+05,1.0468345928e+06,1.0468345928e+06
2020-03-26 19:30:00,9.3786546648e+05,9.3786546648e+05,9.7992332481e+05,9.7992332481e+05
2020-03-26 19:35:00,9.4619204261e+05,9.4619204261e+05,9.8488429913e+05,9.8488429913e+05
2020-03-26 19:40:00,9.4651459544e+05,9.4651459544e+05,1.0569197229e+06,1.0569197229e+06
2020-03-26 19:45:00,9.5728383554e+05,9.5728383554e+05,1.0886696498e+06,1.0886696498e+06
2020-03-26 19:50:00,9.4718546419e+05,9.4718546419e+05,1.0628124944e+06,1.0628124944e+06
2020-03-26 19:55:00,9.5145819971e+05,9.5145819971e+05,1.0661173981e+06,1.0661173981e+06
2020-03-26 20:00:00,9.4708510696e+05,9.4708510696e+05,1.0577951260e+06,1.0577951260e+06
2020-03-26 20:05:00,9.8209903864e+05,9.8209903864e+05,9.7676712486e+05,9.7676712486e+05
2020-03-26 20:10:00,9.4460436545e+05,9.4460436545e+05,9.7647746999e+05,9.7647746999e+05
2020-03-26 20:15:00,9.4397244984e+05,9.4397244984e+05,1.0531021364e+06,1.0531021364e+06
2020-03-26 20:20:00,9.2784421914e+05,9.2784421914e+05,1.0356993533e+06,1.0356993533e+06
2020-03-26 20:25:00,9.6522545973e+05,9.6522545973e+05,9.9427872213e+05,9.9427872213e+05
2020-03-26 20:30:00,9.4604734165e+05,9.4604734165e+05,9.7799643377e+05,9.7799643377e+05
2020-03-26 20:35:00,9.4379938777e+05,9.4379938777e+05,9.7008643831e+05,9.7008643831e+05
2020-03-26 20:40:00,9.4837284000e+05,9.4837284000e+05,1.0478586498e+06,1.0478586498e+06
2020-03-26 20:45:00,9.5398343164e+05,9.5398343164e+05,9.8330515040e+05,9.8330515040e+05
2020-03-26 20:50:00,9.4642015822e+05,9.4642015822e+05,1.1073309476e+06,1.1073309476e+06
2020-03-26 20:55:00,9.5901321358e+05,9.5901321358e+05,1.1588715235e+06,1.1588715235e+06
2020-03-26 21:00:00,9.4652366969e+05,9.4652366969e+05,1.0560771093e+06,1.0560771093e+06
2020-03-26 21:05:00,9.6314252193e+05,9.6314252193e+05,1.0335170163e+06,1.0335170163e+06
2020-03-26 21:10:00,9.5149507950e+05,9.5149507950e+05,9.7596016358e+05,9.7596016358e+05
2020-03-26 21:15:00,9.3525573029e+05,9.3525573029e+05,9.6406432227e+05,9.6406432227e+05
2020-03-26 21:20:00,9.4486317433e+05,9.4486317433e+05,1.0528054680e+06,1.0528054680e+06
2020-03-26 21:25:00,9.4429817867e+05,9.4429817867e+05,9.8037279431e+05,9.8037279431e+05
2020-03-26 21:30:00,9.4665965763e+05,9.4665965763e+05,1.0576602223e+06,1.0576602223e+06
2020-03-26 21:35:00,9.4215045455e+05,9.4215045455e+05,9.6813857179e+05,9.6813857179e+05
2020-03-26 21:40:00,9.5477856827e+05,9.5477856827e+05,9.8449553760e+05,9.8449553760e+05
2020-03-26 21:45:00,9.4017950507e+05,9.4017950507e+05,9.6329748347e+05,9.6329748347e+05
2020-03-26 21:50:00,9.4942124018e+05,9.4942124018e+05,9.7907031058e+05,9.7907031058e+05
2020-03-26 21:55:00,9.5909201117e+05,9.5909201117e+05,1.0719862577e+06,1.0719862577e+06
2020-03-26 22:00:00,9.6008702519e+05,9.6008702519e+05,1.0853244917e+06,1.0853244917e+06
2020-03-26 22:05:00,9.7406318827e+05,9.7406318827e+05,9.8518921813e+05,9.8518921813e+05
2020-03-26 22:10:00,9.5146916588e+05,9.5146916588e+05,9.5844543437e+05,9.5844543437e+05
2020-03-26 22:15:00,9.1707976674e+05,9.1707976674e+05,9.3014472661e+05,9.3014472661e+05
2020-03-26 22:20:00,8.5885366720e+05,8.5885366720e+05,8.8000587929e+05,8.8000587929e+05
2020-03-26 22:25:00,8.3738086044e+05,8.3738086044e+05,9.4126496196e+05,9.4126496196e+05
2020-03-26 22:30:00,9.1398990563e+05,9.1398990563e+05,9.4650285002e+05,9.4650285002e+05
2020-03-26 22:35:00,9.3294831730e+05,9.3294831730e+05,1.0502525635e+06,1.0502525635e+06
2020-03-26 22:40:00,9.2981956533e+05,9.2981956533e+05,9.6804374773e+05,9.6804374773e+05
2020-03-26 22:45:00,9.0292658800e+05,9.0292658800e+05,9.3321979573e+05,9.3321979573e+05
2020-03-26 22:50:00,9.0975305447e+05,9.0975305447e+05,9.3809572239e+05,9.3809572239e+05
2020-03-26 22:55:00,9.2012362422e+05,9.2012362422e+05,1.0252170027e+06,1.0252170027e+06
2020-03-26 23:00:00,9.4170206523e+05,9.4170206523e+05,9.8106936339e+05,9.8106936339e+05
2020-03-26 23:05:00,9.6141712901e+05,9.6141712901e+05,9.6997917243e+05,9.6997917243e+05
2020-03-26 23:10:00,9.0973702307e+05,9.0973702307e+05,1.0130559729e+06,1.0130559729e+06
2020-03-26 23:15:00,8.8132709600e+05,8.8132709600e+05,8.6231012773e+05,8.6231012773e+05
2020-03-26 23:20:00,9.3593126965e+05,9.3593126965e+05,9.5966606451e+05,9.5966606451e+05
2020-03-26 23:25:00,9.4199140756e+05,9.4199140756e+05,9.7660552084e+05,9.7660552084e+05
2020-03-26 23:30:00,9.4139338379e+05,9.4139338379e+05,1.0513441782e+06,1.0513441782e+06
2020-03-26 23:35:00,9.1819160713e+05,9.1819160713e+05,9.4779746561e+05,9.4779746561e+05
2020-03-26 23:40:00,9.4303479064e+05,9.4303479064e+05,9.7776100967e+05,9.7776100967e+05
2020-03-26 23:45:00,9.0076853421e+05,9.0076853421e+05,9.3614299428e+05,9.3614299428e+05
2020-03-26 23:50:00,9.0926792196e+05,9.0926792196e+05,1.0131301392e+06,1.0131301392e+06
2020-03-26 23:55:00,9.3356641191e+05,9.3356641191e+05,9.6579643627e+05,9.6579643627e+05
2020-03-27 00:00:00,9.6163503182e+05,9.6163503182e+05,1.0733317312e+06,1.0733317312e+06
2020-03-27 00:05:00,9.4259162982e+05,9.4259162982e+05,9.4941511795e+05,9.4941511795e+05
2020-03-27 00:10:00,9.5985971125e+05,9.5985971125e+05,9.9079142125e+05,9.9079142125e+05
2020-03-27 00:15:00,9.3588371601e+05,9.3588371601e+05,9.7521404221e+05,9.7521404221e+05
2020-03-27 00:20:00,9.7243391271e+05,9.7243391271e+05,1.0221468365e+06,1.0221468365e+06
2020-03-27 00:25:00,9.1791502258e+05,9.1791502258e+05,1.1158242670e+06,1.1158242670e+06
2020-03-27 00:30:00,9.2844504853e+05,9.2844504853e+05,1.0430639164e+06,1.0430639164e+06
2020-03-27 00:35:00,9.1095545210e+05,9.1095545210e+05,1.1016325862e+06,1.1016325862e+06
2020-03-27 00:40:00,9.3177725073e+05,9.3177725073e+05,1.0408971189e+06,1.0408971189e+06
2020-03-27 00:45:00,9.2593748965e+05,9.2593748965e+05,1.0079977334e+06,1.0079977334e+06
2020-03-27 00:50:00,9.1529144557e+05,9.1529144557e+05,9.4644209236e+05,9.4644209236e+05
2020-03-27 00:55:00,9.4341663840e+05,9.4341663840e+05,1.0588965051e+06,1.0588965051e+06
2020-03-27 01:00:00,9.3954091887e+05,9.3954091887e+05,9.7059163911e+05,9.7059163911e+05
2020-03-27 01:05:00,9.5243427503e+05,9.5243427503e+05,1.0338685546e+06,1.0338685546e+06
2020-03-27 01:10:00,9.0868339170e+05,9.0868339170e+05,9.3072716976e+05,9.3072716976e+05
2020-03-27 01:15:00,9.4151685269e+05,9.4151685269e+05,9.6364512853e+05,9.6364512853e+05
2020-03-27 01:20:00,9.4341497856e+05,9.4341497856e+05,9.7409556732e+05,9.7409556732e+05
2020-03-27 01:25:00,9.2041156726e+05,9.2041156726e+05,9.5106422800e+05,9.5106422800e+05
2020-03-27 01:30:00,9.2958777812e+05,9.2958777812e+05,1.0345085446e+06,1.0345085446e+06
2020-03-27 01:35:00,9.1653317144e+05,9.1653317144e+05,9.4368484962e+05,9.4368484962e+05
2020-03-27 01:40:00,9.1990165015e+05,9.1990165015e+05,1.0238897833e+06,1.0238897833e+06
2020-03-27 01:45:00,9.3410134939e+05,9.3410134939e+05,9.5694981941e+05,9.5694981941e+05
2020-03-27 01:50:00,9.3063583292e+05,9.3063583292e+05,9.6220025704e+05,9.6220025704e+05
2020-03-27 01:55:00,9.4219229147e+05,9.4219229147e+05,9.7397579707e+05,9.7397579707e+05
2020-03-27 02:00:00,9.2120541226e+05,9.2120541226e+05,9.5464228956e+05,9.5464228956e+05
2020-03-27 02:05:00,9.4056614646e+05,9.4056614646e+05,1.0230324709e+06,1.0230324709e+06
2020-03-27 02:10:00,9.3501128284e+05,9.3501128284e+05,1.1108904395e+06,1.1108904395e+06
2020-03-27 02:15:00,9.2709502945e+05,9.2709502945e+05,1.0392276671e+06,1.0392276671e+06
2020-03-27 02:20:00,9.4881859249e+05,9.4881859249e+05,1.0595688794e+06,1.0595688794e+06
2020-03-27 02:25:00,9.1288684228e+05,9.1288684228e+05,9.8062557945e+05,9.8062557945e+05
2020-03-27 02:30:00,9.2456196178e+05,9.2456196178e+05,9.5178763129e+05,9.5178763129e+05
2020-03-27 02:35:00,9.3013939769e+05,9.3013939769e+05,9.5751497973e+05,9.5751497973e+05
2020-03-27 02:40:00,9.1006505476e+05,9.1006505476e+05,1.0975279952e+06,1.0975279952e+06
2020-03-27 02:45:00,9.2356367271e+05,9.2356367271e+05,9.4810045422e+05,9.4810045422e+05
2020-03-27 02:50:00,9.2298913451e+05,9.2298913451e+05,9.5192548260e+05,9.5192548260e+05
2020-03-27 02:55:00,9.3054398984e+05,9.3054398984e+05,9.6399692727e+05,9.6399692727e+05
2020-03-27 03:00:00,9.3912580534e+05,9.3912580534e+05,9.6062541115e+05,9.6062541115e+05
2020-03-27 03:05:00,9.2925634284e+05,9.2925634284e+05,9.3959739580e+05,9.3959739580e+05
2020-03-27 03:10:00,9.5971507254e+05,9.5971507254e+05,1.0659240219e+06,1.0659240219e+06
2020-03-27 03:15:00,9.1157110328e+05,9.1157110328e+05,1.0177728292e+06,1.0177728292e+06
2020-03-27 03:20:00,9.2036999129e+05,9.2036999129e+05,9.4470048533e+05,9.4470048533e+05
2020-03-27 03:25:00,9.2313335822e+05,9.2313335822e+05,9.5177929476e+05,9.5177929476e+05
2020-03-27 03:30:00,9.4310281849e+05,9.4310281849e+05,9.6578416178e+05,9.6578416178e+05
2020-03-27 03:35:00,9.1664945138e+05,9.1664945138e+05,9.4308966062e+05,9.4308966062e+05
2020-03-27 03:40:00,9.3631373765e+05,9.3631373765e+05,1.0442423027e+06,1.0442423027e+06
2020-03-27 03:45:00,9.2638736409e+05,9.2638736409e+05,9.4978039958e+05,9.4978039958e+05
2020-03-27 03:50:00,9.2512423396e+05,9.2512423396e+05,1.0345992859e+06,1.0345992859e+06
2020-03-27 03:55:00,9.3337767319e+05,9.3337767319e+05,9.6564657390e+05,9.6564657390e+05
2020-03-27 04:00:00,9.3746852451e+05,9.3746852451e+05,9.7476469671e+05,9.7476469671e+05
2020-03-27 04:05:00,9.4861320935e+05,9.4861320935e+05,9.8557161780e+05,9.8557161780e+05
2020-03-27 04:10:00,9.1932712697e+05,9.1932712697e+05,1.0656639532e+06,1.0656639532e+06
2020-03-27 04:15:00,9.0722725664e+05,9.0722725664e+05,9.5981445529e+05,9.5981445529e+05
2020-03-27 04:20:00,9.0565344360e+05,9.0565344360e+05,1.0083460975e+06,1.0083460975e+06
2020-03-27 04:25:00,9.4066312107e+05,9.4066312107e+05,1.0488390187e+06,1.0488390187e+06
2020-03-27 04:30:00,9.6011208265e+05,9.6011208265e+05,9.9072137515e+05,9.9072137515e+05
2020-03-27 04:35:00,9.1536095987e+05,9.1536095987e+05,9.4402021414e+05,9.4402021414e+05
2020-03-27 04:40:00,9.2537014362e+05,9.2537014362e+05,1.0336939587e+06,1.0336939587e+06
2020-03-27 04:45:00,9.0488770533e+05,9.0488770533e+05,9.2843649440e+05,9.2843649440e+05
2020-03-27 04:50:00,8.9623693325e+05,8.9623693325e+05,9.2281282207e+05,9.2281282207e+05
2020-03-27 04:55:00,8.8366099932e+05,8.8366099932e+05,9.1149713731e+05,9.1149713731e+05
2020-03-27 05:00:00,9.4694258079e+05,9.4694258079e+05,1.0482980507e+06,1.0482980507e+06
2020-03-27 05:05:00,9.5296829318e+05,9.5296829318e+05,9.6087737713e+05,9.6087737713e+05
2020-03-27 05:10:00,9.2589295703e+05,9.2589295703e+05,9.5209420379e+05,9.5209420379e+05
2020-03-27 05:15:00,9.8956149642e+05,9.8956149642e+05,1.0425014847e+06,1.0425014847e+06
2020-03-27 05:20:00,9.2467704396e+05,9.2467704396e+05,9.5339786093e+05,9.5339786093e+05
2020-03-27 05:25:00,9.4361522069e+05,9.4361522069e+05,9.7569945901e+05,9.7569945901e+05
2020-03-27 05:30:00,9.1536949553e+05,9.1536949553e+05,9.4636901464e+05,9.4636901464e+05
2020-03-27 05:35:00,8.8274902367e+05,8.8274902367e+05,9.9274031545e+05,9.9274031545e+05
2020-03-27 05:40:00,8.8965269623e+05,8.8965269623e+05,9.2129962964e+05,9.2129962964e+05
2020-03-27 05:45:00,9.2267808917e+05,9.2267808917e+05,1.0321257098e+06,1.0321257098e+06
2020-03-27 05:50:00,9.2029450479e+05,9.2029450479e+05,9.4491595948e+05,9.4491595948e+05
2020-03-27 05:55:00,9.4000425503e+05,9.4000425503e+05,9.7074967715e+05,9.7074967715e+05
2020-03-27 06:00:00,9.2385585701e+05,9.2385585701e+05,9.5353161256e+05,9.5353161256e+05
2020-03-27 06:05:00,9.5035204176e+05,9.5035204176e+05,1.0248222015e+06,1.0248222015e+06
2020-03-27 06:10:00,9.3444070856e+05,9.3444070856e+05,1.1281504232e+06,1.1281504232e+06
2020-03-27 06:15:00,9.2945697045e+05,9.2945697045e+05,1.1118760364e+06,1.1118760364e+06
2020-03-27 06:20:00,9.3532449649e+05,9.3532449649e+05,1.0216110322e+06,1.0216110322e+06
2020-03-27 06:25:00,9.2442579453e+05,9.2442579453e+05,9.4995813527e+05,9.4995813527e+05
2020-03-27 06:30:00,9.2545074427e+05,9.2545074427e+05,8.9290816000e+05,8.9290816000e+05
2020-03-27 06:35:00,8.9726541812e+05,8.9726541812e+05,8.8703940565e+05,8.8703940565e+05
2020-03-27 06:40:00,9.3230291086e+05,9.3230291086e+05,9.5750898386e+05,9.5750898386e+05
2020-03-27 06:45:00,9.4377604527e+05,9.4377604527e+05,1.1271234556e+06,1.1271234556e+06
2020-03-27 06:50:00,9.2167696137e+05,9.2167696137e+05,9.4446816170e+05,9.4446816170e+05
2020-03-27 06:55:00,9.3981391508e+05,9.3981391508e+05,9.6621551201e+05,9.6621551201e+05
2020-03-27 07:00:00,9.4038819310e+05,9.4038819310e+05,9.7239202716e+05,9.7239202716e+05
2020-03-27 07:05:00,9.4303824499e+05,9.4303824499e+05,9.5397852672e+05,9.5397852672e+05
2020-03-27 07:10:00,9.4904553311e+05,9.4904553311e+05,9.7996502030e+05,9.7996502030e+05
2020-03-27 07:15:00,8.9243318138e+05,8.9243318138e+05,9.9550859744e+05,9.9550859744e+05
2020-03-27 07:20:00,9.2731591966e+05,9.2731591966e+05,1.0363609565e+06,1.0363609565e+06
2020-03-27 07:25:00,9.3868053294e+05,9.3868053294e+05,9.6758610017e+05,9.6758610017e+05
2020-03-27 07:30:00,9.0202380921e+05,9.0202380921e+05,9.2009182674e+05,9.2009182674e+05
2020-03-27 07:35:00,9.3014840717e+05,9.3014840717e+05,9.5824702154e+05,9.5824702154e+05
2020-03-27 07:40:00,9.3982382545e+05,9.3982382545e+05,9.7275633620e+05,9.7275633620e+05
2020-03-27 07:45:00,9.3183023144e+05,9.3183023144e+05,9.3281724487e+05,9.3281724487e+05
2020-03-27 07:50:00,9.2614705778e+05,9.2614705778e+05,1.0130588338e+06,1.0130588338e+06
2020-03-27 07:55:00,9.4224127822e+05,9.4224127822e+05,9.7526048000e+05,9.7526048000e+05
2020-03-27 08:00:00,9.5118297439e+05,9.5118297439e+05,1.0653566573e+06,1.0653566573e+06
2020-03-27 08:05:00,9.3222639939e+05,9.3222639939e+05,1.0173143610e+06,1.0173143610e+06
2020-03-27 08:10:00,9.4070895270e+05,9.4070895270e+05,1.0512854989e+06,1.0512854989e+06
2020-03-27 08:15:00,9.2096095223e+05,9.2096095223e+05,1.0320809402e+06,1.0320809402e+06
2020-03-27 08:20:00,9.8228582547e+05,9.8228582547e+05,1.0666538003e+06,1.0666538003e+06
2020-03-27 08:25:00,9.3584839242e+05,9.3584839242e+05,9.6942283571e+05,9.6942283571e+05
2020-03-27 08:30:00,8.1985677042e+05,8.1985677042e+05,8.5006577220e+05,8.5006577220e+05
2020-03-27 08:35:00,9.7203805920e+05,9.7203805920e+05,9.7838291929e+05,9.7838291929e+05
2020-03-27 08:40:00,1.0144426683e+06,1.0144426683e+06,1.1355939348e+06,1.1355939348e+06
2020-03-27 08:45:00,1.0002207943e+06,1.0002207943e+06,1.0336217053e+06,1.0336217053e+06
2020-03-27 08:50:00,9.9092033234e+05,9.9092033234e+05,1.0200387659e+06,1.0200387659e+06
2020-03-27 08:55:00,1.0058161508e+06,1.0058161508e+06,1.2119860360e+06,1.2119860360e+06
2020-03-27 09:00:00,1.0033064490e+06,1.0033064490e+06,1.1374431852e+06,1.1374431852e+06
2020-03-27 09:05:00,1.0167673460e+06,1.0167673460e+06,1.1241266936e+06,1.1241266936e+06
2020-03-27 09:10:00,1.0002889470e+06,1.0002889470e+06,1.1339682808e+06,1.1339682808e+06
2020-03-27 09:15:00,9.8947667058e+05,9.8947667058e+05,1.1954198624e+06,1.1954198624e+06
2020-03-27 09:20:00,9.9198058695e+05,9.9198058695e+05,1.1148331569e+06,1.1148331569e+06
2020-03-27 09:25:00,1.0096847560e+06,1.0096847560e+06,1.2154694059e+06,1.2154694059e+06
2020-03-27 09:30:00,9.9174578150e+05,9.9174578150e+05,1.1122227498e+06,1.1122227498e+06
2020-03-27 09:35:00,9.8961489382e+05,9.8961489382e+05,1.1156145595e+06,1.1156145595e+06
2020-03-27 09:40:00,9.9529951009e+05,9.9529951009e+05,1.1208693850e+06,1.1208693850e+06
2020-03-27 09:45:00,1.0077198699e+06,1.0077198699e+06,1.1265159243e+06,1.1265159243e+06
2020-03-27 09:50:00,1.0096039295e+06,1.0096039295e+06,1.2172470115e+06,1.2172470115e+06
2020-03-27 09:55:00,9.9194568743e+05,9.9194568743e+05,1.1940389028e+06,1.1940389028e+06
2020-03-27 10:00:00,9.9277827137e+05,9.9277827137e+05,1.1921802426e+06,1.1921802426e+06
2020-03-27 10:05:00,1.0512642059e+06,1.0512642059e+06,1.2375693861e+06,1.2375693861e+06
2020-03-27 10:10:00,9.7286122457e+05,9.7286122457e+05,1.1657507001e+06,1.1657507001e+06
2020-03-27 10:15:00,9.8100867078e+05,9.8100867078e+05,1.1370385032e+06,1.1370385032e+06
2020-03-27 10:20:00,9.7242819590e+05,9.7242819590e+05,1.0953948253e+06,1.0953948253e+06
2020-03-27 10:25:00,1.0073233791e+06,1.0073233791e+06,1.2255201966e+06,1.2255201966e+06
2020-03-27 10:30:00,9.9624620139e+05,9.9624620139e+05,1.2047468237e+06,1.2047468237e+06
2020-03-27 10:35:00,9.9386136124e+05,9.9386136124e+05,1.1215426543e+06,1.1215426543e+06
2020-03-27 10:40:00,9.8981453830e+05,9.8981453830e+05,1.1264823599e+06,1.1264823599e+06
2020-03-27 10:45:00,1.0006223969e+06,1.0006223969e+06,1.1189383010e+06,1.1189383010e+06
2020-03-27 10:50:00,9.9294442663e+05,9.9294442663e+05,1.1126690007e+06,1.1126690007e+06
2020-03-27 10:55:00,1.0024885906e+06,1.0024885906e+06,1.1261408186e+06,1.1261408186e+06
2020-03-27 11:00:00,9.8218504437e+05,9.8218504437e+05,1.1403074980e+06,1.1403074980e+06
2020-03-27 11:05:00,1.0200537867e+06,1.0200537867e+06,1.1004431445e+06,1.1004431445e+06
2020-03-27 11:10:00,9.9098853280e+05,9.9098853280e+05,1.0197929976e+06,1.0197929976e+06
2020-03-27 11:15:00,9.8769627707e+05,9.8769627707e+05,1.0058528883e+06,1.0058528883e+06
2020-03-27 11:20:00,9.9881274027e+05,9.9881274027e+05,1.0263770259e+06,1.0263770259e+06
2020-03-27 11:25:00,1.0126474989e+06,1.0126474989e+06,1.0461407672e+06,1.0461407672e+06
2020-03-27 11:30:00,9.9355894949e+05,9.9355894949e+05,1.1087373851e+06,1.1087373851e+06
2020-03-27 11:35:00,9.8766921500e+05,9.8766921500e+05,1.0483876275e+06,1.0483876275e+06
2020-03-27 11:40:00,9.9193911900e+05,9.9193911900e+05,1.1068109754e+06,1.1068109754e+06
2020-03-27 11:45:00,1.0016162250e+06,1.0016162250e+06,1.1829671928e+06,1.1829671928e+06
2020-03-27 11:50:00,9.7367325067e+05,9.7367325067e+05,1.0202967780e+06,1.0202967780e+06
2020-03-27 11:55:00,9.9818373191e+05,9.9818373191e+05,1.0221742628e+06,1.0221742628e+06
2020-03-27 12:00:00,9.7088188787e+05,9.7088188787e+05,1.0006042215e+06,1.0006042215e+06
2020-03-27 12:05:00,1.0288544498e+06,1.0288544498e+06,1.1122959900e+06,1.1122959900e+06
2020-03-27 12:10:00,9.8640514937e+05,9.8640514937e+05,1.0204541297e+06,1.0204541297e+06
2020-03-27 12:15:00,9.7367793997e+05,9.7367793997e+05,1.0130679092e+06,1.0130679092e+06
2020-03-27 12:20:00,9.3079821970e+05,9.3079821970e+05,1.0579808321e+06,1.0579808321e+06
2020-03-27 12:25:00,9.5804982990e+05,9.5804982990e+05,9.9019484791e+05,9.9019484791e+05
2020-03-27 12:30:00,9.9136366640e+05,9.9136366640e+05,1.0139017229e+06,1.0139017229e+06
2020-03-27 12:35:00,9.8555782880e+05,9.8555782880e+05,1.0888077293e+06,1.0888077293e+06
2020-03-27 12:40:00,9.9649701057e+05,9.9649701057e+05,1.0250339245e+06,1.0250339245e+06
2020-03-27 12:45:00,1.0184116676e+06,1.0184116676e+06,1.0360280528e+06,1.0360280528e+06
2020-03-27 12:50:00,9.8266866866e+05,9.8266866866e+05,1.0051490024e+06,1.0051490024e+06
2020-03-27 12:55:00,1.0040631676e+06,1.0040631676e+06,1.0395831484e+06,1.0395831484e+06
2020-03-27 13:00:00,9.9918803787e+05,9.9918803787e+05,1.0973352995e+06,1.0973352995e+06
2020-03-27 13:05:00,1.0387387515e+06,1.0387387515e+06,1.0513103288e+06,1.0513103288e+06
2020-03-27 13:10:00,9.6832586853e+05,9.6832586853e+05,1.0790056013e+06,1.0790056013e+06
2020-03-27 13:15:00,1.0048562362e+06,1.0048562362e+06,1.0286935777e+06,1.0286935777e+06
2020-03-27 13:20:00,9.8249388783e+05,9.8249388783e+05,1.0107920743e+06,1.0107920743e+06
2020-03-27 13:25:00,1.0033963915e+06,1.0033963915e+06,1.0256969514e+06,1.0256969514e+06
2020-03-27 13:30:00,9.8934382581e+05,9.8934382581e+05,1.0883668953e+06,1.0883668953e+06
2020-03-27 13:35:00,9.8435378293e+05,9.8435378293e+05,1.0132225907e+06,1.0132225907e+06
2020-03-27 13:40:00,1.0001149771e+06,1.0001149771e+06,1.1083074806e+06,1.1083074806e+06
2020-03-27 13:45:00,9.9596042139e+05,9.9596042139e+05,1.0624154580e+06,1.0624154580e+06
2020-03-27 13:50:00,9.8980404721e+05,9.8980404721e+05,1.0994512538e+06,1.0994512538e+06
2020-03-27 13:55:00,1.0042653244e+06,1.0042653244e+06,1.1093496681e+06,1.1093496681e+06
2020-03-27 14:00:00,9.8890223573e+05,9.8890223573e+05,1.1043900944e+06,1.1043900944e+06
2020-03-27 14:05:00,1.0033244453e+06,1.0033244453e+06,1.0343033509e+06,1.0343033509e+06
2020-03-27 14:10:00,9.9121475078e+05,9.9121475078e+05,1.1730254404e+06,1.1730254404e+06
2020-03-27 14:15:00,1.0016451663e+06,1.0016451663e+06,1.0304663314e+06,1.0304663314e+06
2020-03-27 14:20:00,9.8848204516e+05,9.8848204516e+05,1.0080962368e+06,1.0080962368e+06
2020-03-27 14:25:00,9.9531625671e+05,9.9531625671e+05,1.0216257273e+06,1.0216257273e+06
2020-03-27 14:30:00,9.6856620781e+05,9.6856620781e+05,1.0009141579e+06,1.0009141579e+06
2020-03-27 14:35:00,9.8846188365e+05,9.8846188365e+05,1.0191421222e+06,1.0191421222e+06
2020-03-27 14:40:00,1.0139938089e+06,1.0139938089e+06,1.0401601924e+06,1.0401601924e+06
2020-03-27 14:45:00,1.0084732133e+06,1.0084732133e+06,1.1154539851e+06,1.1154539851e+06
2020-03-27 14:50:00,9.8938940425e+05,9.8938940425e+05,1.1030063025e+06,1.1030063025e+06
2020-03-27 14:55:00,9.8769474909e+05,9.8769474909e+05,1.0172556431e+06,1.0172556431e+06
2020-03-27 15:00:00,9.9248246667e+05,9.9248246667e+05,1.0222554146e+06,1.0222554146e+06
2020-03-27 15:05:00,1.0211941251e+06,1.0211941251e+06,1.0242972452e+06,1.0242972452e+06
2020-03-27 15:10:00,1.0026521964e+06,1.0026521964e+06,1.0076423142e+06,1.0076423142e+06
2020-03-27 15:15:00,1.0039657170e+06,1.0039657170e+06,1.1027913385e+06,1.1027913385e+06
2020-03-27 15:20:00,1.0112394184e+06,1.0112394184e+06,1.0399103750e+06,1.0399103750e+06
2020-03-27 15:25:00,9.9091579378e+05,9.9091579378e+05,1.1065965792e+06,1.1065965792e+06
2020-03-27 15:30:00,1.1174425870e+06,1.1174425870e+06,1.1459042365e+06,1.1459042365e+06
2020-03-27 15:35:00,8.8718371398e+05,8.8718371398e+05,9.1696779023e+05,9.1696779023e+05
2020-03-27 15:40:00,9.8693998080e+05,9.8693998080e+05,1.0593882643e+06,1.0593882643e+06
2020-03-27 15:45:00,1.0066267309e+06,1.0066267309e+06,1.1036709856e+06,1.1036709856e+06
2020-03-27 15:50:00,1.0031998387e+06,1.0031998387e+06,1.1839360781e+06,1.1839360781e+06
2020-03-27 15:55:00,9.9165239575e+05,9.9165239575e+05,1.0783174667e+06,1.0783174667e+06
2020-03-27 16:00:00,1.0258029263e+06,1.0258029263e+06,1.0343894350e+06,1.0343894350e+06
2020-03-27 16:05:00,1.0373686608e+06,1.0373686608e+06,1.1006172242e+06,1.1006172242e+06
2020-03-27 16:10:00,9.9531464562e+05,9.9531464562e+05,9.9592870792e+05,9.9592870792e+05
2020-03-27 16:15:00,9.9226259761e+05,9.9226259761e+05,1.0170190873e+06,1.0170190873e+06
2020-03-27 16:20:00,1.0609426857e+06,1.0609426857e+06,1.0934877399e+06,1.0934877399e+06
2020-03-27 16:25:00,9.9933478417e+05,9.9933478417e+05,1.0286689303e+06,1.0286689303e+06
2020-03-27 16:30:00,9.7362036089e+05,9.7362036089e+05,1.0012881803e+06,1.0012881803e+06
2020-03-27 16:35:00,9.8047306458e+05,9.8047306458e+05,1.0851373808e+06,1.0851373808e+06
2020-03-27 16:40:00,9.9950697600e+05,9.9950697600e+05,1.0246694664e+06,1.0246694664e+06
2020-03-27 16:45:00,1.0004383585e+06,1.0004383585e+06,1.0339047247e+06,1.0339047247e+06
2020-03-27 16:50:00,9.3256950051e+05,9.3256950051e+05,9.4995168837e+05,9.4995168837e+05
2020-03-27 16:55:00,8.9754020890e+05,8.9754020890e+05,1.0975310942e+06,1.0975310942e+06
2020-03-27 17:00:00,9.4636270194e+05,9.4636270194e+05,1.0719549934e+06,1.0719549934e+06
2020-03-27 17:05:00,1.0246983491e+06,1.0246983491e+06,1.1337175315e+06,1.1337175315e+06
2020-03-27 17:10:00,9.6919504306e+05,9.6919504306e+05,1.0995275751e+06,1.0995275751e+06
2020-03-27 17:15:00,1.0538621881e+06,1.0538621881e+06,1.1994937922e+06,1.1994937922e+06
2020-03-27 17:20:00,9.8342624373e+05,9.8342624373e+05,1.1108866905e+06,1.1108866905e+06
2020-03-27 17:25:00,9.9845719844e+05,9.9845719844e+05,1.2825213043e+06,1.2825213043e+06
2020-03-27 17:30:00,1.0010966908e+06,1.0010966908e+06,1.2068655346e+06,1.2068655346e+06
2020-03-27 17:35:00,9.9690376746e+05,9.9690376746e+05,1.1694110291e+06,1.1694110291e+06
2020-03-27 17:40:00,9.9302154175e+05,9.9302154175e+05,1.1227695462e+06,1.1227695462e+06
2020-03-27 17:45:00,9.9534780152e+05,9.9534780152e+05,1.1285779070e+06,1.1285779070e+06
2020-03-27 17:50:00,9.9652528105e+05,9.9652528105e+05,1.2063085639e+06,1.2063085639e+06
2020-03-27 17:55:00,9.8115456207e+05,9.8115456207e+05,1.1852625337e+06,1.1852625337e+06
2020-03-27 18:00:00,9.8437138796e+05,9.8437138796e+05,1.1099259730e+06,1.1099259730e+06
2020-03-27 18:05:00,1.0075752066e+06,1.0075752066e+06,1.1207477038e+06,1.1207477038e+06
2020-03-27 18:10:00,9.7592609333e+05,9.7592609333e+05,1.0945952747e+06,1.0945952747e+06
2020-03-27 18:15:00,1.0005115069e+06,1.0005115069e+06,1.1206024651e+06,1.1206024651e+06
2020-03-27 18:20:00,9.9919150191e+05,9.9919150191e+05,1.1218924575e+06,1.1218924575e+06
2020-03-27 18:25:00,9.9642443840e+05,9.9642443840e+05,1.1950214107e+06,1.1950214107e+06
2020-03-27 18:30:00,1.0087139560e+06,1.0087139560e+06,1.2125665301e+06,1.2125665301e+06
2020-03-27 18:35:00,9.7306301276e+05,9.7306301276e+05,1.1110326341e+06,1.1110326341e+06
2020-03-27 18:40:00,9.8820009026e+05,9.8820009026e+05,1.1047821747e+06,1.1047821747e+06
2020-03-27 18:45:00,1.0002666645e+06,1.0002666645e+06,1.1251003447e+06,1.1251003447e+06
2020-03-27 18:50:00,9.8741217430e+05,9.8741217430e+05,1.1148181998e+06,1.1148181998e+06
2020-03-27 18:55:00,9.9993327120e+05,9.9993327120e+05,1.2101384528e+06,1.2101384528e+06
2020-03-27 19:00:00,9.8111011707e+05,9.8111011707e+05,1.1709650539e+06,1.1709650539e+06
2020-03-27 19:05:00,1.0198299965e+06,1.0198299965e+06,1.0295969587e+06,1.0295969587e+06
2020-03-27 19:10:00,9.8061972578e+05,9.8061972578e+05,1.0138197922e+06,1.0138197922e+06
2020-03-27 19:15:00,9.9590441342e+05,9.9590441342e+05,1.0324677396e+06,1.0324677396e+06
2020-03-27 19:20:00,9.8918034608e+05,9.8918034608e+05,1.0893906936e+06,1.0893906936e+06
2020-03-27 19:25:00,9.7921813201e+05,9.7921813201e+05,1.0894093608e+06,1.0894093608e+06
2020-03-27 19:30:00,1.0048023416e+06,1.0048023416e+06,1.2695973799e+06,1.2695973799e+06
2020-03-27 19:35:00,9.9634577902e+05,9.9634577902e+05,1.0336048654e+06,1.0336048654e+06
2020-03-27 19:40:00,9.9868411712e+05,9.9868411712e+05,1.0251613326e+06,1.0251613326e+06
2020-03-27 19:45:00,9.8773927639e+05,9.8773927639e+05,1.0198442567e+06,1.0198442567e+06
2020-03-27 19:50:00,9.9513471360e+05,9.9513471360e+05,1.0365356357e+06,1.0365356357e+06
2020-03-27 19:55:00,9.7940410239e+05,9.7940410239e+05,1.0154296693e+06,1.0154296693e+06
2020-03-27 20:00:00,9.8939936614e+05,9.8939936614e+05,1.0180576138e+06,1.0180576138e+06
2020-03-27 20:05:00,1.0488937753e+06,1.0488937753e+06,1.2023344437e+06,1.2023344437e+06
2020-03-27 20:10:00,9.9567709584e+05,9.9567709584e+05,1.0179419201e+06,1.0179419201e+06
2020-03-27 20:15:00,9.7937370997e+05,9.7937370997e+05,9.9941205271e+05,9.9941205271e+05
2020-03-27 20:20:00,9.9101920480e+05,9.9101920480e+05,1.0124187304e+06,1.0124187304e+06
2020-03-27 20:25:00,1.0018625622e+06,1.0018625622e+06,1.0271938034e+06,1.0271938034e+06
2020-03-27 20:30:00,9.9407331222e+05,9.9407331222e+05,1.0181846755e+06,1.0181846755e+06
2020-03-27 20:35:00,9.8904781911e+05,9.8904781911e+05,1.0961659107e+06,1.0961659107e+06
2020-03-27 20:40:00,9.9833948215e+05,9.9833948215e+05,1.0349605698e+06,1.0349605698e+06
2020-03-27 20:45:00,9.7589511664e+05,9.7589511664e+05,1.0901300350e+06,1.0901300350e+06
2020-03-27 20:50:00,9.8419524862e+05,9.8419524862e+05,1.0078331629e+06,1.0078331629e+06
2020-03-27 20:55:00,9.9216718681e+05,9.9216718681e+05,1.0194433438e+06,1.0194433438e+06
2020-03-27 21:00:00,1.0096436190e+06,1.0096436190e+06,1.0361290581e+06,1.0361290581e+06
2020-03-27 21:05:00,1.0103978732e+06,1.0103978732e+06,1.0283360853e+06,1.0283360853e+06
2020-03-27 21:10:00,9.8080788794e+05,9.8080788794e+05,1.1620452626e+06,1.1620452626e+06
2020-03-27 21:15:00,1.0003718067e+06,1.0003718067e+06,1.1080542623e+06,1.1080542623e+06
2020-03-27 21:20:00,9.8847048365e+05,9.8847048365e+05,1.0933718642e+06,1.0933718642e+06
2020-03-27 21:25:00,9.8327440767e+05,9.8327440767e+05,1.1181694581e+06,1.1181694581e+06
2020-03-27 21:30:00,9.9299561952e+05,9.9299561952e+05,1.0201013511e+06,1.0201013511e+06
2020-03-27 21:35:00,1.0028019697e+06,1.0028019697e+06,1.0345236416e+06,1.0345236416e+06
2020-03-27 21:40:00,9.9620056507e+05,9.9620056507e+05,1.0966590198e+06,1.0966590198e+06
2020-03-27 21:45:00,1.0022265884e+06,1.0022265884e+06,1.0219589877e+06,1.0219589877e+06
2020-03-27 21:50:00,9.8924751423e+05,9.8924751423e+05,1.0188155606e+06,1.0188155606e+06
2020-03-27 21:55:00,1.0034143909e+06,1.0034143909e+06,1.1052372745e+06,1.1052372745e+06
2020-03-27 22:00:00,1.0035989215e+06,1.0035989215e+06,1.0379012621e+06,1.0379012621e+06
2020-03-27 22:05:00,1.0086537323e+06,1.0086537323e+06,1.0119478721e+06,1.0119478721e+06
2020-03-27 22:10:00,9.7737511494e+05,9.7737511494e+05,1.0918678151e+06,1.0918678151e+06
2020-03-27 22:15:00,9.8647074347e+05,9.8647074347e+05,1.0191716760e+06,1.0191716760e+06
2020-03-27 22:20:00,1.0360939896e+06,1.0360939896e+06,1.0641078305e+06,1.0641078305e+06
2020-03-27 22:25:00,9.8581706570e+05,9.8581706570e+05,1.0181704576e+06,1.0181704576e+06
2020-03-27 22:30:00,9.9444513791e+05,9.9444513791e+05,1.0314388306e+06,1.0314388306e+06
2020-03-27 22:35:00,1.0009898268e+06,1.0009898268e+06,1.1221247025e+06,1.1221247025e+06
2020-03-27 22:40:00,1.0039151298e+06,1.0039151298e+06,1.1036892117e+06,1.1036892117e+06
2020-03-27 22:45:00,9.8389870654e+05,9.8389870654e+05,1.1703525796e+06,1.1703525796e+06
2020-03-27 22:50:00,9.9971179584e+05,9.9971179584e+05,1.0875587732e+06,1.0875587732e+06
2020-03-27 22:55:00,9.9789732522e+05,9.9789732522e+05,1.0317852340e+06,1.0317852340e+06
2020-03-27 23:00:00,9.8320124466e+05,9.8320124466e+05,1.0202803008e+06,1.0202803008e+06
2020-03-27 23:05:00,1.0076941389e+06,1.0076941389e+06,1.0114379933e+06,1.0114379933e+06
2020-03-27 23:10:00,9.8986795455e+05,9.8986795455e+05,1.0977202668e+06,1.0977202668e+06
2020-03-27 23:15:00,1.0010279815e+06,1.0010279815e+06,1.1079967922e+06,1.1079967922e+06
2020-03-27 23:20:00,9.9916030106e+05,9.9916030106e+05,1.0211594623e+06,1.0211594623e+06
2020-03-27 23:25:00,9.8729525067e+05,9.8729525067e+05,1.0166570128e+06,1.0166570128e+06
2020-03-27 23:30:00,9.8779372951e+05,9.8779372951e+05,1.0287228898e+06,1.0287228898e+06
2020-03-27 23:35:00,9.8995998329e+05,9.8995998329e+05,1.0132454956e+06,1.0132454956e+06
2020-03-27 23:40:00,9.8823986761e+05,9.8823986761e+05,1.0132769071e+06,1.0132769071e+06
2020-03-27 23:45:00,9.9550621826e+05,9.9550621826e+05,1.0958206078e+06,1.0958206078e+06
2020-03-27 23:50:00,9.9471542373e+05,9.9471542373e+05,1.0942290845e+06,1.0942290845e+06
2020-03-27 23:55:00,9.8308363871e+05,9.8308363871e+05,1.0089581454e+06,1.0089581454e+06
2020-03-28 00:00:00,9.7620436832e+05,9.7620436832e+05,9.9086641531e+05,9.9086641531e+05
