DATE,LNLV,LNLV_peak,LVLN,LNLV_peak
2020-03-14 22:05:00,4.0874056638e+05,4.0874056638e+05,1.3644777777e+07,1.3644777777e+07
2020-03-14 22:10:00,3.6264611224e+05,3.6264611224e+05,8.6871197108e+06,8.6871197108e+06
2020-03-14 22:15:00,3.6191895993e+05,3.6191895993e+05,8.8161590083e+06,8.8161590083e+06
2020-03-14 22:20:00,3.5884622329e+05,3.5884622329e+05,6.0758907214e+06,6.0758907214e+06
2020-03-14 22:25:00,3.3670070276e+05,3.3670070276e+05,1.6645349936e+06,1.6645349936e+06
2020-03-14 22:30:00,3.1004382862e+05,3.1004382862e+05,3.3902801458e+05,3.3902801458e+05
2020-03-14 22:35:00,3.1160563076e+05,3.1160563076e+05,3.2450541031e+05,3.2450541031e+05
2020-03-14 22:40:00,3.1178940498e+05,3.1178940498e+05,3.2410813724e+05,3.2410813724e+05
2020-03-14 22:45:00,3.0482557156e+05,3.0482557156e+05,3.2369489067e+05,3.2369489067e+05
2020-03-14 22:50:00,3.2496738631e+05,3.2496738631e+05,6.0881858631e+05,6.0881858631e+05
2020-03-14 22:55:00,3.3106664142e+05,3.3106664142e+05,1.5640297630e+06,1.5640297630e+06
2020-03-14 23:00:00,5.9907282522e+05,5.9907282522e+05,3.4127702795e+05,3.4127702795e+05
2020-03-14 23:05:00,3.2874579885e+05,3.2874579885e+05,3.2988243179e+06,3.2988243179e+06
2020-03-14 23:10:00,3.1239310769e+05,3.1239310769e+05,3.4445353079e+05,3.4445353079e+05
2020-03-14 23:15:00,3.0714667645e+05,3.0714667645e+05,3.2404785100e+05,3.2404785100e+05
2020-03-14 23:20:00,3.1949387338e+05,3.1949387338e+05,5.7524587137e+05,5.7524587137e+05
2020-03-14 23:25:00,3.3646998629e+05,3.3646998629e+05,1.5860693168e+06,1.5860693168e+06
2020-03-14 23:30:00,3.0893057202e+05,3.0893057202e+05,4.8801406268e+05,4.8801406268e+05
2020-03-14 23:35:00,3.1501448818e+05,3.1501448818e+05,4.1396175322e+07,4.1396175322e+07
2020-03-14 23:40:00,3.1622510908e+05,3.1622510908e+05,4.9494540183e+07,4.9494540183e+07
2020-03-14 23:45:00,3.0974556711e+05,3.0974556711e+05,1.4400335678e+07,1.4400335678e+07
2020-03-14 23:50:00,3.0694188444e+05,3.0694188444e+05,7.1248017973e+05,7.1248017973e+05
2020-03-14 23:55:00,3.3803217600e+05,3.3803217600e+05,1.5407561968e+06,1.5407561968e+06
2020-03-15 00:00:00,3.1998651307e+05,3.1998651307e+05,3.4087473544e+05,3.4087473544e+05
2020-03-15 00:05:00,3.2640403933e+05,3.2640403933e+05,3.3002341220e+06,3.3002341220e+06
2020-03-15 00:10:00,3.1237024196e+05,3.1237024196e+05,3.4561570640e+05,3.4561570640e+05
2020-03-15 00:15:00,3.0667976504e+05,3.0667976504e+05,3.2256499696e+05,3.2256499696e+05
2020-03-15 00:20:00,3.2291790691e+05,3.2291790691e+05,7.7340146411e+05,7.7340146411e+05
2020-03-15 00:25:00,3.6648279860e+05,3.6648279860e+05,2.5962346880e+06,2.5962346880e+06
2020-03-15 00:30:00,4.1376761627e+05,4.1376761627e+05,1.3172221177e+07,1.3172221177e+07
2020-03-15 00:35:00,4.2584326354e+05,4.2584326354e+05,1.3208814537e+07,1.3208814537e+07
2020-03-15 00:40:00,4.4762650062e+05,4.4762650062e+05,1.3241603093e+07,1.3241603093e+07
2020-03-15 00:45:00,4.7310258577e+05,4.7310258577e+05,1.1286346452e+07,1.1286346452e+07
2020-03-15 00:50:00,4.2200211767e+05,4.2200211767e+05,1.2324410699e+07,1.2324410699e+07
2020-03-15 00:55:00,4.4529230508e+05,4.4529230508e+05,1.3786633298e+07,1.3786633298e+07
2020-03-15 01:00:00,3.1814748200e+05,3.1814748200e+05,5.3343884059e+05,5.3343884059e+05
2020-03-15 01:05:00,3.3118731279e+05,3.3118731279e+05,3.3145192004e+06,3.3145192004e+06
2020-03-15 01:10:00,3.0957874430e+05,3.0957874430e+05,3.3268586508e+05,3.3268586508e+05
2020-03-15 01:15:00,3.0340566200e+05,3.0340566200e+05,3.2169215854e+05,3.2169215854e+05
2020-03-15 01:20:00,3.1288739609e+05,3.1288739609e+05,6.0180682080e+05,6.0180682080e+05
2020-03-15 01:25:00,3.7636238218e+05,3.7636238218e+05,1.5634535690e+06,1.5634535690e+06
2020-03-15 01:30:00,3.0151503132e+05,3.0151503132e+05,3.2209658753e+05,3.2209658753e+05
2020-03-15 01:35:00,3.1380211344e+05,3.1380211344e+05,3.2440071441e+05,3.2440071441e+05
2020-03-15 01:40:00,3.0446612907e+05,3.0446612907e+05,3.2035475253e+05,3.2035475253e+05
2020-03-15 01:45:00,3.0725406471e+05,3.0725406471e+05,3.1931082204e+05,3.1931082204e+05
2020-03-15 01:50:00,3.1701851520e+05,3.1701851520e+05,6.2924039662e+05,6.2924039662e+05
2020-03-15 01:55:00,3.3274531662e+05,3.3274531662e+05,1.5321711426e+06,1.5321711426e+06
2020-03-15 02:00:00,3.1728052258e+05,3.1728052258e+05,3.3752734390e+05,3.3752734390e+05
2020-03-15 02:05:00,3.2385621565e+05,3.2385621565e+05,3.2962936928e+06,3.2962936928e+06
2020-03-15 02:10:00,3.1304217697e+05,3.1304217697e+05,3.4638117097e+05,3.4638117097e+05
2020-03-15 02:15:00,3.0433723893e+05,3.0433723893e+05,3.2014495253e+05,3.2014495253e+05
2020-03-15 02:20:00,3.1214724836e+05,3.1214724836e+05,5.2178700338e+05,5.2178700338e+05
2020-03-15 02:25:00,3.4598827342e+05,3.4598827342e+05,1.6355892880e+06,1.6355892880e+06
2020-03-15 02:30:00,3.0464369564e+05,3.0464369564e+05,3.3044101244e+05,3.3044101244e+05
2020-03-15 02:35:00,3.1137582542e+05,3.1137582542e+05,3.2284370453e+05,3.2284370453e+05
2020-03-15 02:40:00,3.0976782773e+05,3.0976782773e+05,3.2439985067e+05,3.2439985067e+05
2020-03-15 02:45:00,3.1221978933e+05,3.1221978933e+05,3.2466800338e+05,3.2466800338e+05
2020-03-15 02:50:00,4.0209585899e+05,4.0209585899e+05,9.5979118370e+06,9.5979118370e+06
2020-03-15 02:55:00,4.3779941774e+05,4.3779941774e+05,1.3054586023e+07,1.3054586023e+07
2020-03-15 03:00:00,1.9614312045e+06,1.9614312045e+06,1.1669789197e+07,1.1669789197e+07
2020-03-15 03:05:00,1.1750538053e+07,1.1750538053e+07,7.9810668921e+06,7.9810668921e+06
2020-03-15 03:10:00,1.0105747136e+07,1.0105747136e+07,4.8334290448e+06,4.8334290448e+06
2020-03-15 03:15:00,9.9537920573e+06,9.9537920573e+06,4.5135274182e+06,4.5135274182e+06
2020-03-15 03:20:00,9.5572851173e+06,9.5572851173e+06,5.3730677007e+06,5.3730677007e+06
2020-03-15 03:25:00,1.0012301354e+07,1.0012301354e+07,2.3038505170e+07,2.3038505170e+07
2020-03-15 03:30:00,9.4751252273e+06,9.4751252273e+06,3.9595377029e+07,3.9595377029e+07
2020-03-15 03:35:00,9.3297269916e+06,9.3297269916e+06,3.7764444859e+07,3.7764444859e+07
2020-03-15 03:40:00,6.0651583623e+06,6.0651583623e+06,2.8476158888e+07,2.8476158888e+07
2020-03-15 03:45:00,3.8757405717e+05,3.8757405717e+05,5.3290942380e+06,5.3290942380e+06
2020-03-15 03:50:00,3.5412219858e+05,3.5412219858e+05,5.9969310309e+06,5.9969310309e+06
2020-03-15 03:55:00,3.2282047164e+05,3.2282047164e+05,1.0050252064e+06,1.0050252064e+06
2020-03-15 04:00:00,3.0891556356e+05,3.0891556356e+05,3.2988206276e+05,3.2988206276e+05
2020-03-15 04:05:00,3.6925026560e+05,3.6925026560e+05,3.3105171049e+06,3.3105171049e+06
2020-03-15 04:10:00,3.4492729653e+05,3.4492729653e+05,3.4775232480e+05,3.4775232480e+05
2020-03-15 04:15:00,2.9257962613e+05,2.9257962613e+05,3.0748936036e+05,3.0748936036e+05
2020-03-15 04:20:00,3.1767098453e+05,3.1767098453e+05,6.9543489351e+05,6.9543489351e+05
2020-03-15 04:25:00,3.5933750489e+05,3.5933750489e+05,1.5437685260e+06,1.5437685260e+06
2020-03-15 04:30:00,3.3609979344e+05,3.3609979344e+05,3.3815620788e+05,3.3815620788e+05
2020-03-15 04:35:00,3.0563870419e+05,3.0563870419e+05,3.2221697681e+05,3.2221697681e+05
2020-03-15 04:40:00,3.0637448833e+05,3.0637448833e+05,3.1913443291e+05,3.1913443291e+05
2020-03-15 04:45:00,2.9867271413e+05,2.9867271413e+05,3.1426030791e+05,3.1426030791e+05
2020-03-15 04:50:00,3.2768425120e+05,3.2768425120e+05,9.2006581262e+05,9.2006581262e+05
2020-03-15 04:55:00,3.2692115058e+05,3.2692115058e+05,1.2489183580e+06,1.2489183580e+06
2020-03-15 05:00:00,3.0534553298e+05,3.0534553298e+05,3.2843151342e+05,3.2843151342e+05
2020-03-15 05:05:00,3.3494368978e+05,3.3494368978e+05,3.3034428016e+06,3.3034428016e+06
2020-03-15 05:10:00,3.5479183733e+05,3.5479183733e+05,3.4573467253e+05,3.4573467253e+05
2020-03-15 05:15:00,3.1098817600e+05,3.1098817600e+05,3.2511159129e+05,3.2511159129e+05
2020-03-15 05:20:00,3.2193235680e+05,3.2193235680e+05,7.9099377849e+05,7.9099377849e+05
2020-03-15 05:25:00,3.2686568996e+05,3.2686568996e+05,1.3725300834e+06,1.3725300834e+06
2020-03-15 05:30:00,3.1119922951e+05,3.1119922951e+05,3.2860985600e+05,3.2860985600e+05
2020-03-15 05:35:00,3.0970909311e+05,3.0970909311e+05,3.2437323751e+05,3.2437323751e+05
2020-03-15 05:40:00,2.7584555712e+05,2.7584555712e+05,2.8080666073e+05,2.8080666073e+05
2020-03-15 05:45:00,2.9682805011e+05,2.9682805011e+05,3.0627223220e+05,3.0627223220e+05
2020-03-15 05:50:00,3.0830955556e+05,3.0830955556e+05,4.8744524970e+05,4.8744524970e+05
2020-03-15 05:55:00,3.3701463976e+05,3.3701463976e+05,1.6548544263e+06,1.6548544263e+06
2020-03-15 06:00:00,3.5666928760e+05,3.5666928760e+05,7.1233932677e+06,7.1233932677e+06
2020-03-15 06:05:00,5.5613883506e+05,5.5613883506e+05,2.1921966330e+07,2.1921966330e+07
2020-03-15 06:10:00,4.2132152924e+05,4.2132152924e+05,1.3973200293e+07,1.3973200293e+07
2020-03-15 06:15:00,4.0125396213e+05,4.0125396213e+05,1.1518047431e+07,1.1518047431e+07
2020-03-15 06:20:00,4.1149085991e+05,4.1149085991e+05,1.2087175262e+07,1.2087175262e+07
2020-03-15 06:25:00,4.1938548284e+05,4.1938548284e+05,1.2602733227e+07,1.2602733227e+07
2020-03-15 06:30:00,3.2123153049e+05,3.2123153049e+05,2.4432338185e+06,2.4432338185e+06
2020-03-15 06:35:00,3.0400767947e+05,3.0400767947e+05,3.2396505778e+05,3.2396505778e+05
2020-03-15 06:40:00,2.9857936551e+05,2.9857936551e+05,3.1211964676e+05,3.1211964676e+05
2020-03-15 06:45:00,3.0085674276e+05,3.0085674276e+05,3.0854289156e+05,3.0854289156e+05
2020-03-15 06:50:00,3.0750887236e+05,3.0750887236e+05,7.0654042062e+05,7.0654042062e+05
2020-03-15 06:55:00,3.2994176924e+05,3.2994176924e+05,1.4287335278e+06,1.4287335278e+06
2020-03-15 07:00:00,3.1975343982e+05,3.1975343982e+05,3.2762835040e+05,3.2762835040e+05
2020-03-15 07:05:00,3.1597470827e+05,3.1597470827e+05,3.2878468670e+06,3.2878468670e+06
2020-03-15 07:10:00,2.9806189316e+05,2.9806189316e+05,3.2440512889e+05,3.2440512889e+05
2020-03-15 07:15:00,2.9559937458e+05,2.9559937458e+05,3.0629050187e+05,3.0629050187e+05
2020-03-15 07:20:00,3.0722014276e+05,3.0722014276e+05,5.3881930329e+05,5.3881930329e+05
2020-03-15 07:25:00,3.3111704889e+05,3.3111704889e+05,1.5982341995e+06,1.5982341995e+06
2020-03-15 07:30:00,3.0080422036e+05,3.0080422036e+05,3.2291168986e+05,3.2291168986e+05
2020-03-15 07:35:00,3.0200057727e+05,3.0200057727e+05,3.1051568932e+05,3.1051568932e+05
2020-03-15 07:40:00,2.9691019508e+05,2.9691019508e+05,3.0952006367e+05,3.0952006367e+05
2020-03-15 07:45:00,2.9814026169e+05,2.9814026169e+05,3.0582679609e+05,3.0582679609e+05
2020-03-15 07:50:00,3.1844619691e+05,3.1844619691e+05,7.5443822301e+05,7.5443822301e+05
2020-03-15 07:55:00,3.2472364683e+05,3.2472364683e+05,1.3859286534e+06,1.3859286534e+06
2020-03-15 08:00:00,3.0580232657e+05,3.0580232657e+05,3.2176105141e+05,3.2176105141e+05
2020-03-15 08:05:00,3.2211431040e+05,3.2211431040e+05,3.2947932955e+06,3.2947932955e+06
2020-03-15 08:10:00,3.0632701547e+05,3.0632701547e+05,3.3641183911e+05,3.3641183911e+05
2020-03-15 08:15:00,2.9703829102e+05,2.9703829102e+05,3.0843258489e+05,3.0843258489e+05
2020-03-15 08:20:00,3.1216846827e+05,3.1216846827e+05,5.8607671004e+05,5.8607671004e+05
2020-03-15 08:25:00,3.3982199680e+05,3.3982199680e+05,1.5464957563e+06,1.5464957563e+06
2020-03-15 08:30:00,4.4533701960e+05,4.4533701960e+05,3.2289342624e+05,3.2289342624e+05
2020-03-15 08:35:00,3.0228227003e+05,3.0228227003e+05,3.1010451814e+05,3.1010451814e+05
2020-03-15 08:40:00,2.9674974415e+05,2.9674974415e+05,3.1003537561e+05,3.1003537561e+05
2020-03-15 08:45:00,3.0074877333e+05,3.0074877333e+05,3.0799793831e+05,3.0799793831e+05
2020-03-15 08:50:00,3.0506274880e+05,3.0506274880e+05,5.6365229387e+05,5.6365229387e+05
2020-03-15 08:55:00,3.3054193849e+05,3.3054193849e+05,1.5706051234e+06,1.5706051234e+06
2020-03-15 09:00:00,3.0603628493e+05,3.0603628493e+05,3.2216395906e+05,3.2216395906e+05
2020-03-15 09:05:00,3.2361220397e+05,3.2361220397e+05,3.2938110999e+06,3.2938110999e+06
2020-03-15 09:10:00,3.2018705320e+05,3.2018705320e+05,3.3186884548e+05,3.3186884548e+05
2020-03-15 09:15:00,3.1598314841e+05,3.1598314841e+05,3.0849627163e+05,3.0849627163e+05
2020-03-15 09:20:00,3.3122187286e+05,3.3122187286e+05,5.7774812006e+05,5.7774812006e+05
2020-03-15 09:25:00,3.4581371520e+05,3.4581371520e+05,1.5587269644e+06,1.5587269644e+06
2020-03-15 09:30:00,3.2494518153e+06,3.2494518153e+06,3.2176866507e+05,3.2176866507e+05
2020-03-15 09:35:00,1.2820200002e+07,1.2820200002e+07,3.1723182293e+05,3.1723182293e+05
2020-03-15 09:40:00,1.2919496412e+07,1.2919496412e+07,3.1782636800e+05,3.1782636800e+05
2020-03-15 09:45:00,1.0812199793e+07,1.0812199793e+07,3.1672370697e+05,3.1672370697e+05
2020-03-15 09:50:00,1.0344162782e+07,1.0344162782e+07,1.0328359111e+06,1.0328359111e+06
2020-03-15 09:55:00,9.5808221948e+06,9.5808221948e+06,1.6863949141e+06,1.6863949141e+06
2020-03-15 10:00:00,9.1304912974e+06,9.1304912974e+06,3.7311321413e+06,3.7311321413e+06
2020-03-15 10:05:00,8.7179743990e+06,8.7179743990e+06,6.6034507606e+06,6.6034507606e+06
2020-03-15 10:10:00,3.9517327517e+05,3.9517327517e+05,4.0657549990e+06,4.0657549990e+06
2020-03-15 10:15:00,3.3695898951e+05,3.3695898951e+05,4.5596729452e+06,4.5596729452e+06
2020-03-15 10:20:00,3.4829856142e+05,3.4829856142e+05,4.8378461161e+06,4.8378461161e+06
2020-03-15 10:25:00,3.7161600520e+05,3.7161600520e+05,6.2936068512e+06,6.2936068512e+06
2020-03-15 10:30:00,3.3746999149e+05,3.3746999149e+05,4.9309147316e+06,4.9309147316e+06
2020-03-15 10:35:00,3.4911513493e+05,3.4911513493e+05,4.5840425594e+06,4.5840425594e+06
2020-03-15 10:40:00,3.5058387008e+05,3.5058387008e+05,5.1376364604e+06,5.1376364604e+06
2020-03-15 10:45:00,3.5009565448e+05,3.5009565448e+05,5.5068156185e+06,5.5068156185e+06
2020-03-15 10:50:00,3.5940840942e+05,3.5940840942e+05,5.8541506642e+06,5.8541506642e+06
2020-03-15 10:55:00,3.7494113316e+05,3.7494113316e+05,6.9326469307e+06,6.9326469307e+06
2020-03-15 11:00:00,3.5424101049e+05,3.5424101049e+05,6.2166507513e+06,6.2166507513e+06
2020-03-15 11:05:00,3.7335617790e+05,3.7335617790e+05,8.7684145494e+06,8.7684145494e+06
2020-03-15 11:10:00,3.5277165549e+05,3.5277165549e+05,5.8834788644e+06,5.8834788644e+06
2020-03-15 11:15:00,3.3628357995e+05,3.3628357995e+05,4.6307324994e+06,4.6307324994e+06
2020-03-15 11:20:00,3.1077107200e+05,3.1077107200e+05,6.6160153920e+05,6.6160153920e+05
2020-03-15 11:25:00,3.3825853618e+05,3.3825853618e+05,1.5808697952e+06,1.5808697952e+06
2020-03-15 11:30:00,2.9382283200e+05,2.9382283200e+05,3.1350250471e+05,3.1350250471e+05
2020-03-15 11:35:00,3.0697957611e+05,3.0697957611e+05,4.8091170510e+05,4.8091170510e+05
2020-03-15 11:40:00,6.5686297395e+05,6.5686297395e+05,3.1420611793e+05,3.1420611793e+05
2020-03-15 11:45:00,3.2912013456e+05,3.2912013456e+05,3.0782839510e+05,3.0782839510e+05
2020-03-15 11:50:00,3.1962808978e+05,3.1962808978e+05,8.6146363858e+05,8.6146363858e+05
2020-03-15 11:55:00,3.2479491520e+05,3.2479491520e+05,1.2816299908e+06,1.2816299908e+06
2020-03-15 12:00:00,3.0724450293e+05,3.0724450293e+05,3.2141822578e+05,3.2141822578e+05
2020-03-15 12:05:00,3.2834447733e+05,3.2834447733e+05,3.2962690482e+06,3.2962690482e+06
2020-03-15 12:10:00,3.0063013138e+05,3.0063013138e+05,3.3310831218e+05,3.3310831218e+05
2020-03-15 12:15:00,3.1297930489e+05,3.1297930489e+05,3.1979649013e+05,3.1979649013e+05
2020-03-15 12:20:00,3.3189741084e+05,3.3189741084e+05,7.9556668036e+05,7.9556668036e+05
2020-03-15 12:25:00,3.2232056249e+05,3.2232056249e+05,1.3749484532e+06,1.3749484532e+06
2020-03-15 12:30:00,4.6611466187e+05,4.6611466187e+05,3.1743887964e+05,3.1743887964e+05
2020-03-15 12:35:00,3.0308578009e+05,3.0308578009e+05,3.1092330773e+05,3.1092330773e+05
2020-03-15 12:40:00,3.0146665316e+05,3.0146665316e+05,3.1660464427e+05,3.1660464427e+05
2020-03-15 12:45:00,3.0109921600e+05,3.0109921600e+05,3.0583951822e+05,3.0583951822e+05
2020-03-15 12:50:00,3.2383266347e+05,3.2383266347e+05,5.6430474080e+05,5.6430474080e+05
2020-03-15 12:55:00,3.2766480336e+05,3.2766480336e+05,1.5787737771e+06,1.5787737771e+06
2020-03-15 13:00:00,3.0141134196e+05,3.0141134196e+05,3.1482433982e+05,3.1482433982e+05
2020-03-15 13:05:00,3.2903007619e+05,3.2903007619e+05,3.2957590699e+06,3.2957590699e+06
2020-03-15 13:10:00,3.9566472889e+05,3.9566472889e+05,1.0567830877e+07,1.0567830877e+07
2020-03-15 13:15:00,4.0027400498e+05,4.0027400498e+05,1.0767087998e+07,1.0767087998e+07
2020-03-15 13:20:00,4.0491864213e+05,4.0491864213e+05,1.1124103294e+07,1.1124103294e+07
2020-03-15 13:25:00,4.5309432124e+05,4.5309432124e+05,1.2335943546e+07,1.2335943546e+07
2020-03-15 13:30:00,3.9863825424e+05,3.9863825424e+05,1.0369706591e+07,1.0369706591e+07
2020-03-15 13:35:00,4.0601614852e+05,4.0601614852e+05,1.1211954800e+07,1.1211954800e+07
2020-03-15 13:40:00,3.9394872498e+05,3.9394872498e+05,1.1472410586e+07,1.1472410586e+07
2020-03-15 13:45:00,3.0835315546e+05,3.0835315546e+05,1.1408719541e+06,1.1408719541e+06
2020-03-15 13:50:00,3.1041792760e+05,3.1041792760e+05,7.9367980970e+05,7.9367980970e+05
2020-03-15 13:55:00,3.2410792114e+05,3.2410792114e+05,1.3473570168e+06,1.3473570168e+06
2020-03-15 14:00:00,3.0163399196e+05,3.0163399196e+05,3.2360907469e+05,3.2360907469e+05
2020-03-15 14:05:00,3.2733672409e+05,3.2733672409e+05,3.2970109397e+06,3.2970109397e+06
2020-03-15 14:10:00,3.3283140747e+05,3.3283140747e+05,9.8653397120e+05,9.8653397120e+05
2020-03-15 14:15:00,3.5706781335e+05,3.5706781335e+05,1.3852957512e+06,1.3852957512e+06
2020-03-15 14:20:00,3.6218690424e+05,3.6218690424e+05,1.4614994763e+06,1.4614994763e+06
2020-03-15 14:25:00,3.4326854677e+05,3.4326854677e+05,1.7723527180e+06,1.7723527180e+06
2020-03-15 14:30:00,3.0452408675e+05,3.0452408675e+05,3.2374124546e+05,3.2374124546e+05
2020-03-15 14:35:00,2.9880592525e+05,2.9880592525e+05,3.1137660467e+05,3.1137660467e+05
2020-03-15 14:40:00,3.0044577841e+05,3.0044577841e+05,3.0925736409e+05,3.0925736409e+05
2020-03-15 14:45:00,3.3176833618e+05,3.3176833618e+05,3.2545336693e+05,3.2545336693e+05
2020-03-15 14:50:00,3.1947392320e+05,3.1947392320e+05,4.5801041884e+05,4.5801041884e+05
2020-03-15 14:55:00,3.2564935093e+05,3.2564935093e+05,1.6769035285e+06,1.6769035285e+06
2020-03-15 15:00:00,2.9567208955e+05,2.9567208955e+05,3.1586776270e+05,3.1586776270e+05
2020-03-15 15:05:00,3.2588978269e+05,3.2588978269e+05,3.3023460732e+06,3.3023460732e+06
2020-03-15 15:10:00,3.0398879999e+05,3.0398879999e+05,3.2254642224e+05,3.2254642224e+05
2020-03-15 15:15:00,2.9664436634e+05,2.9664436634e+05,3.1019853406e+05,3.1019853406e+05
2020-03-15 15:20:00,3.0504266809e+05,3.0504266809e+05,6.6754956818e+05,6.6754956818e+05
2020-03-15 15:25:00,3.3151834471e+05,3.3151834471e+05,1.6450179067e+06,1.6450179067e+06
2020-03-15 15:30:00,3.0147594061e+05,3.0147594061e+05,3.1962110033e+05,3.1962110033e+05
2020-03-15 15:35:00,3.0234210481e+05,3.0234210481e+05,3.1837153549e+05,3.1837153549e+05
2020-03-15 15:40:00,2.9501510832e+05,2.9501510832e+05,3.0852537512e+05,3.0852537512e+05
2020-03-15 15:45:00,3.0024598225e+05,3.0024598225e+05,3.0995434799e+05,3.0995434799e+05
2020-03-15 15:50:00,3.1353202862e+05,3.1353202862e+05,6.6922639076e+05,6.6922639076e+05
2020-03-15 15:55:00,3.3738845991e+05,3.3738845991e+05,1.5453956384e+06,1.5453956384e+06
2020-03-15 16:00:00,3.1771584818e+05,3.1771584818e+05,1.0981818581e+06,1.0981818581e+06
2020-03-15 16:05:00,4.7685723863e+06,4.7685723863e+06,5.9812402944e+06,5.9812402944e+06
2020-03-15 16:10:00,6.6005563052e+06,6.6005563052e+06,3.1344507746e+06,3.1344507746e+06
2020-03-15 16:15:00,6.6623955838e+06,6.6623955838e+06,2.8526358304e+06,2.8526358304e+06
2020-03-15 16:20:00,6.5266667723e+06,6.5266667723e+06,3.3557981020e+06,3.3557981020e+06
2020-03-15 16:25:00,6.6308143609e+06,6.6308143609e+06,4.2913913275e+06,4.2913913275e+06
2020-03-15 16:30:00,5.9694464564e+06,5.9694464564e+06,2.8567216581e+06,2.8567216581e+06
2020-03-15 16:35:00,6.0400659552e+06,6.0400659552e+06,3.0206000149e+06,3.0206000149e+06
2020-03-15 16:40:00,6.9451387260e+06,6.9451387260e+06,3.2291643110e+06,3.2291643110e+06
2020-03-15 16:45:00,6.7708071800e+06,6.7708071800e+06,3.1706386127e+06,3.1706386127e+06
2020-03-15 16:50:00,6.8188049116e+06,6.8188049116e+06,3.3181339005e+06,3.3181339005e+06
2020-03-15 16:55:00,7.5807739563e+06,7.5807739563e+06,4.4690686848e+06,4.4690686848e+06
2020-03-15 17:00:00,7.9108218778e+06,7.9108218778e+06,3.5160338114e+06,3.5160338114e+06
2020-03-15 17:05:00,5.5392004076e+05,5.5392004076e+05,6.2955214169e+06,6.2955214169e+06
2020-03-15 17:10:00,3.5451397726e+05,3.5451397726e+05,3.6012379657e+06,3.6012379657e+06
2020-03-15 17:15:00,3.4671287793e+05,3.4671287793e+05,3.6807299362e+06,3.6807299362e+06
2020-03-15 17:20:00,3.3654219034e+05,3.3654219034e+05,3.7000131116e+06,3.7000131116e+06
2020-03-15 17:25:00,3.5003220992e+05,3.5003220992e+05,4.1170004767e+06,4.1170004767e+06
2020-03-15 17:30:00,3.4454139623e+05,3.4454139623e+05,3.7028901327e+06,3.7028901327e+06
2020-03-15 17:35:00,3.4024920762e+05,3.4024920762e+05,4.6909681909e+06,4.6909681909e+06
2020-03-15 17:40:00,3.1086707336e+05,3.1086707336e+05,8.2910388689e+05,8.2910388689e+05
2020-03-15 17:45:00,3.0029858323e+05,3.0029858323e+05,5.1120493567e+05,5.1120493567e+05
2020-03-15 17:50:00,3.1474901938e+05,3.1474901938e+05,9.1556924371e+05,9.1556924371e+05
2020-03-15 17:55:00,3.1672948752e+05,3.1672948752e+05,1.3697796882e+06,1.3697796882e+06
2020-03-15 18:00:00,3.0692391616e+05,3.0692391616e+05,3.2176704963e+05,3.2176704963e+05
2020-03-15 18:05:00,3.2925717070e+05,3.2925717070e+05,3.2990013854e+06,3.2990013854e+06
2020-03-15 18:10:00,2.9736613892e+05,2.9736613892e+05,3.3931059417e+05,3.3931059417e+05
2020-03-15 18:15:00,3.0570143840e+05,3.0570143840e+05,3.1411490738e+05,3.1411490738e+05
2020-03-15 18:20:00,3.4511901102e+05,3.4511901102e+05,6.8717926133e+05,6.8717926133e+05
2020-03-15 18:25:00,3.3909432742e+05,3.3909432742e+05,1.6828029679e+06,1.6828029679e+06
2020-03-15 18:30:00,3.0527135788e+05,3.0527135788e+05,3.2913446167e+05,3.2913446167e+05
2020-03-15 18:35:00,3.0117357035e+05,3.0117357035e+05,3.1254557385e+05,3.1254557385e+05
2020-03-15 18:40:00,3.0421100836e+05,3.0421100836e+05,3.1092804693e+05,3.1092804693e+05
2020-03-15 18:45:00,3.1307412071e+05,3.1307412071e+05,3.1624184107e+05,3.1624184107e+05
2020-03-15 18:50:00,3.2251649333e+05,3.2251649333e+05,5.6505125796e+05,5.6505125796e+05
2020-03-15 18:55:00,3.6039120652e+05,3.6039120652e+05,1.5745225980e+06,1.5745225980e+06
2020-03-15 19:00:00,3.0486530904e+05,3.0486530904e+05,3.1738632224e+05,3.1738632224e+05
2020-03-15 19:05:00,3.2239901417e+05,3.2239901417e+05,3.2920182607e+06,3.2920182607e+06
2020-03-15 19:10:00,3.7230604147e+05,3.7230604147e+05,3.4595045004e+05,3.4595045004e+05
2020-03-15 19:15:00,7.1988215431e+05,7.1988215431e+05,4.1589078667e+05,4.1589078667e+05
2020-03-15 19:20:00,3.5215972378e+05,3.5215972378e+05,6.9857052276e+05,6.9857052276e+05
2020-03-15 19:25:00,4.2699106950e+05,4.2699106950e+05,1.7238708530e+07,1.7238708530e+07
2020-03-15 19:30:00,3.7833357579e+05,3.7833357579e+05,5.0172447606e+06,5.0172447606e+06
2020-03-15 19:35:00,3.4748246980e+05,3.4748246980e+05,5.3838574589e+06,5.3838574589e+06
2020-03-15 19:40:00,3.4211009332e+05,3.4211009332e+05,4.4827617433e+06,4.4827617433e+06
2020-03-15 19:45:00,3.6800033732e+05,3.6800033732e+05,4.7379843495e+06,4.7379843495e+06
2020-03-15 19:50:00,3.5074081600e+05,3.5074081600e+05,4.4827555902e+06,4.4827555902e+06
2020-03-15 19:55:00,5.9517418721e+05,5.9517418721e+05,4.7902895763e+06,4.7902895763e+06
2020-03-15 20:00:00,3.4736350603e+05,3.4736350603e+05,3.7517176185e+06,3.7517176185e+06
2020-03-15 20:05:00,3.7865628950e+05,3.7865628950e+05,7.2276490033e+06,7.2276490033e+06
2020-03-15 20:10:00,4.1709731737e+05,4.1709731737e+05,4.3944455525e+06,4.3944455525e+06
2020-03-15 20:15:00,3.4846775003e+05,3.4846775003e+05,4.6701240387e+06,4.6701240387e+06
2020-03-15 20:20:00,4.0340528800e+05,4.0340528800e+05,5.9324501687e+06,5.9324501687e+06
2020-03-15 20:25:00,3.9366254951e+05,3.9366254951e+05,8.0843556011e+06,8.0843556011e+06
2020-03-15 20:30:00,3.6385935253e+05,3.6385935253e+05,7.2806735068e+06,7.2806735068e+06
2020-03-15 20:35:00,3.4776428124e+05,3.4776428124e+05,6.7062198521e+06,6.7062198521e+06
2020-03-15 20:40:00,3.4896940924e+05,3.4896940924e+05,5.9196624542e+06,5.9196624542e+06
2020-03-15 20:45:00,5.8412291431e+05,5.8412291431e+05,1.2348396535e+06,1.2348396535e+06
2020-03-15 20:50:00,3.0847561351e+05,3.0847561351e+05,5.0924156391e+05,5.0924156391e+05
2020-03-15 20:55:00,3.5743683413e+05,3.5743683413e+05,1.9249220005e+06,1.9249220005e+06
2020-03-15 21:00:00,3.0636023464e+05,3.0636023464e+05,3.3928336138e+05,3.3928336138e+05
2020-03-15 21:05:00,3.2873420688e+05,3.2873420688e+05,3.3150542241e+06,3.3150542241e+06
2020-03-15 21:10:00,3.0072498640e+05,3.0072498640e+05,3.3927957280e+05,3.3927957280e+05
2020-03-15 21:15:00,2.9943840663e+05,2.9943840663e+05,3.1712230045e+05,3.1712230045e+05
2020-03-15 21:20:00,3.1901016794e+05,3.1901016794e+05,6.0288133627e+05,6.0288133627e+05
2020-03-15 21:25:00,3.3522981767e+05,3.3522981767e+05,1.5896341157e+06,1.5896341157e+06
2020-03-15 21:30:00,2.9964021382e+05,2.9964021382e+05,3.1676758316e+05,3.1676758316e+05
2020-03-15 21:35:00,4.5677714843e+05,4.5677714843e+05,3.0753148124e+05,3.0753148124e+05
2020-03-15 21:40:00,4.5505472320e+05,4.5505472320e+05,3.0866793618e+05,3.0866793618e+05
2020-03-15 21:45:00,3.3251667255e+05,3.3251667255e+05,3.1087447448e+05,3.1087447448e+05
2020-03-15 21:50:00,3.3449511146e+05,3.3449511146e+05,1.2055381224e+06,1.2055381224e+06
2020-03-15 21:55:00,3.7579584124e+06,3.7579584124e+06,1.2824244127e+06,1.2824244127e+06
2020-03-15 22:00:00,7.6579458967e+06,7.6579458967e+06,4.1887090951e+05,4.1887090951e+05
2020-03-15 22:05:00,6.9491964069e+06,6.9491964069e+06,3.3002375296e+06,3.3002375296e+06
2020-03-15 22:10:00,7.7062715426e+06,7.7062715426e+06,1.3677741860e+06,1.3677741860e+06
2020-03-15 22:15:00,8.6334517173e+06,8.6334517173e+06,3.3289915324e+05,3.3289915324e+05
2020-03-15 22:20:00,8.5793184432e+06,8.5793184432e+06,6.7542750151e+05,6.7542750151e+05
2020-03-15 22:25:00,7.0979808791e+06,7.0979808791e+06,3.1416664912e+06,3.1416664912e+06
2020-03-15 22:30:00,7.3879580020e+06,7.3879580020e+06,3.1771070781e+06,3.1771070781e+06
2020-03-15 22:35:00,8.2677220517e+06,8.2677220517e+06,3.7227403744e+06,3.7227403744e+06
2020-03-15 22:40:00,7.4688824021e+06,7.4688824021e+06,2.8765264658e+06,2.8765264658e+06
2020-03-15 22:45:00,5.0630470204e+06,5.0630470204e+06,3.1830311980e+06,3.1830311980e+06
2020-03-15 22:50:00,3.6260237724e+05,3.6260237724e+05,3.5661800583e+06,3.5661800583e+06
2020-03-15 22:55:00,3.6335410276e+05,3.6335410276e+05,4.5680553314e+06,4.5680553314e+06
2020-03-15 23:00:00,3.3633567129e+05,3.3633567129e+05,3.2188817927e+06,3.2188817927e+06
2020-03-15 23:05:00,3.6242087345e+05,3.6242087345e+05,6.0621591105e+06,6.0621591105e+06
2020-03-15 23:10:00,3.3782986368e+05,3.3782986368e+05,3.3135870984e+06,3.3135870984e+06
2020-03-15 23:15:00,3.2983242482e+05,3.2983242482e+05,3.1345586618e+06,3.1345586618e+06
2020-03-15 23:20:00,3.4741778098e+05,3.4741778098e+05,4.4825973004e+06,4.4825973004e+06
2020-03-15 23:25:00,3.7360323982e+05,3.7360323982e+05,6.9287085305e+06,6.9287085305e+06
2020-03-15 23:30:00,3.4839293084e+05,3.4839293084e+05,4.6737184672e+06,4.6737184672e+06
2020-03-15 23:35:00,3.5088832231e+05,3.5088832231e+05,4.5914477376e+06,4.5914477376e+06
2020-03-15 23:40:00,3.4092037902e+05,3.4092037902e+05,4.2886662713e+06,4.2886662713e+06
2020-03-15 23:45:00,3.5382029134e+05,3.5382029134e+05,4.8754695100e+06,4.8754695100e+06
2020-03-15 23:50:00,3.4739436910e+05,3.4739436910e+05,4.6929755913e+06,4.6929755913e+06
2020-03-15 23:55:00,3.7722846650e+05,3.7722846650e+05,6.2043519679e+06,6.2043519679e+06
2020-03-16 00:00:00,3.2786900483e+05,3.2786900483e+05,2.4691948646e+06,2.4691948646e+06
2020-03-16 22:05:00,4.7579479947e+05,4.7579479947e+05,3.2888254597e+06,3.2888254597e+06
2020-03-16 22:10:00,3.1180504711e+05,3.1180504711e+05,3.4223245547e+05,3.4223245547e+05
2020-03-16 22:15:00,4.3448200267e+05,4.3448200267e+05,5.8724637191e+05,5.8724637191e+05
2020-03-16 22:20:00,3.6141592480e+05,3.6141592480e+05,7.0035862791e+05,7.0035862791e+05
2020-03-16 22:25:00,3.4053621707e+05,3.4053621707e+05,1.4510715796e+06,1.4510715796e+06
2020-03-16 22:30:00,3.2169677440e+05,3.2169677440e+05,3.5265257369e+05,3.5265257369e+05
2020-03-16 22:35:00,3.0924959868e+05,3.0924959868e+05,5.2171119396e+05,5.2171119396e+05
2020-03-16 22:40:00,3.1708707922e+05,3.1708707922e+05,3.3224239334e+05,3.3224239334e+05
2020-03-16 22:45:00,3.1580862468e+05,3.1580862468e+05,3.2697035669e+05,3.2697035669e+05
2020-03-16 22:50:00,7.2948253561e+06,7.2948253561e+06,6.2329315431e+05,6.2329315431e+05
2020-03-16 22:55:00,2.6987003512e+07,2.6987003512e+07,1.5636493902e+06,1.5636493902e+06
2020-03-16 23:00:00,2.2481086232e+07,2.2481086232e+07,3.4796974191e+05,3.4796974191e+05
2020-03-16 23:05:00,1.9493173256e+07,1.9493173256e+07,3.2791305502e+06,3.2791305502e+06
2020-03-16 23:10:00,3.7762570648e+05,3.7762570648e+05,8.5100340229e+05,8.5100340229e+05
2020-03-16 23:15:00,3.1047947532e+05,3.1047947532e+05,3.3143347877e+05,3.3143347877e+05
2020-03-16 23:20:00,3.3399191573e+05,3.3399191573e+05,1.9271973029e+06,1.9271973029e+06
2020-03-16 23:25:00,4.7417733831e+05,4.7417733831e+05,1.7562210869e+07,1.7562210869e+07
2020-03-16 23:30:00,5.3231510756e+05,5.3231510756e+05,2.5546798197e+07,2.5546798197e+07
2020-03-16 23:35:00,5.9191834133e+05,5.9191834133e+05,3.2779422358e+07,3.2779422358e+07
2020-03-16 23:40:00,3.2536635360e+05,3.2536635360e+05,1.9170290734e+06,1.9170290734e+06
2020-03-16 23:45:00,3.3713968018e+05,3.3713968018e+05,3.1042583260e+06,3.1042583260e+06
2020-03-16 23:50:00,3.1177169262e+05,3.1177169262e+05,6.8902576853e+05,6.8902576853e+05
2020-03-16 23:55:00,3.1767181511e+05,3.1767181511e+05,1.4284909753e+06,1.4284909753e+06
2020-03-17 00:00:00,3.0643020053e+05,3.0643020053e+05,3.2015771893e+05,3.2015771893e+05
2020-03-17 00:05:00,3.2962616089e+05,3.2962616089e+05,3.5905408091e+06,3.5905408091e+06
2020-03-17 00:10:00,2.9844101120e+05,2.9844101120e+05,3.3558053547e+05,3.3558053547e+05
2020-03-17 00:15:00,2.9794442773e+05,2.9794442773e+05,4.7198053298e+05,4.7198053298e+05
2020-03-17 00:20:00,3.0183091662e+05,3.0183091662e+05,6.7739348409e+05,6.7739348409e+05
2020-03-17 00:25:00,3.1862387076e+05,3.1862387076e+05,1.6000141860e+06,1.6000141860e+06
2020-03-17 00:30:00,3.0221284302e+05,3.0221284302e+05,3.0865863164e+05,3.0865863164e+05
2020-03-17 00:35:00,3.0693569209e+05,3.0693569209e+05,4.2757794542e+05,4.2757794542e+05
2020-03-17 00:40:00,2.9787478916e+05,2.9787478916e+05,3.0382332996e+05,3.0382332996e+05
2020-03-17 00:45:00,3.0048866966e+05,3.0048866966e+05,3.0421152760e+05,3.0421152760e+05
2020-03-17 00:50:00,3.0006099868e+05,3.0006099868e+05,5.1360332181e+05,5.1360332181e+05
2020-03-17 00:55:00,3.2423211441e+05,3.2423211441e+05,1.5836221389e+06,1.5836221389e+06
2020-03-17 01:00:00,3.0556351102e+05,3.0556351102e+05,3.2338530673e+05,3.2338530673e+05
2020-03-17 01:05:00,3.1710052351e+05,3.1710052351e+05,3.2428917928e+06,3.2428917928e+06
2020-03-17 01:10:00,3.0094442116e+05,3.0094442116e+05,3.1630911693e+05,3.1630911693e+05
2020-03-17 01:15:00,2.8620556653e+05,2.8620556653e+05,2.9404204893e+05,2.9404204893e+05
2020-03-17 01:20:00,3.0966944814e+05,3.0966944814e+05,6.6162709086e+05,6.6162709086e+05
2020-03-17 01:25:00,3.1562559533e+05,3.1562559533e+05,1.4456614243e+06,1.4456614243e+06
2020-03-17 01:30:00,2.9974428922e+05,2.9974428922e+05,3.0817678622e+05,3.0817678622e+05
2020-03-17 01:35:00,3.0068294340e+05,3.0068294340e+05,3.1433391281e+05,3.1433391281e+05
2020-03-17 01:40:00,2.9532565298e+05,2.9532565298e+05,3.0435613404e+05,3.0435613404e+05
2020-03-17 01:45:00,2.9365189831e+05,2.9365189831e+05,2.9872509973e+05,2.9872509973e+05
2020-03-17 01:50:00,3.0704709581e+05,3.0704709581e+05,5.3333406217e+05,5.3333406217e+05
2020-03-17 01:55:00,3.2022328986e+05,3.2022328986e+05,1.7464721747e+06,1.7464721747e+06
2020-03-17 02:00:00,3.0571362073e+05,3.0571362073e+05,3.1900325662e+05,3.1900325662e+05
2020-03-17 02:05:00,3.1393398756e+05,3.1393398756e+05,3.2352343260e+06,3.2352343260e+06
2020-03-17 02:10:00,3.0289644544e+05,3.0289644544e+05,3.2819755401e+05,3.2819755401e+05
2020-03-17 02:15:00,2.9620920967e+05,2.9620920967e+05,3.0069492937e+05,3.0069492937e+05
2020-03-17 02:20:00,3.0075519383e+05,3.0075519383e+05,6.6989912209e+05,6.6989912209e+05
2020-03-17 02:25:00,3.2260397310e+05,3.2260397310e+05,1.7823239759e+06,1.7823239759e+06
2020-03-17 02:30:00,2.9052041600e+05,2.9052041600e+05,4.8427578418e+05,4.8427578418e+05
2020-03-17 02:35:00,3.2595955502e+05,3.2595955502e+05,3.1252815804e+05,3.1252815804e+05
2020-03-17 02:40:00,2.9990079040e+05,2.9990079040e+05,3.0237273582e+05,3.0237273582e+05
2020-03-17 02:45:00,2.9843495429e+05,2.9843495429e+05,3.0926745900e+05,3.0926745900e+05
2020-03-17 02:50:00,3.0570898539e+05,3.0570898539e+05,5.3552720864e+05,5.3552720864e+05
2020-03-17 02:55:00,3.2586631935e+05,3.2586631935e+05,1.7460301236e+06,1.7460301236e+06
2020-03-17 03:00:00,3.0762821689e+05,3.0762821689e+05,3.2356753938e+05,3.2356753938e+05
2020-03-17 03:05:00,3.1692247484e+05,3.1692247484e+05,3.4175068158e+06,3.4175068158e+06
2020-03-17 03:10:00,2.9997072764e+05,2.9997072764e+05,3.2771791111e+05,3.2771791111e+05
2020-03-17 03:15:00,3.0123210133e+05,3.0123210133e+05,4.8061278827e+05,4.8061278827e+05
2020-03-17 03:20:00,2.9193165440e+05,2.9193165440e+05,5.3605848178e+05,5.3605848178e+05
2020-03-17 03:25:00,3.2095010596e+05,3.2095010596e+05,1.5505241637e+06,1.5505241637e+06
2020-03-17 03:30:00,2.9673166311e+05,2.9673166311e+05,3.1397715804e+05,3.1397715804e+05
2020-03-17 03:35:00,2.9955187907e+05,2.9955187907e+05,3.0358718518e+05,3.0358718518e+05
2020-03-17 03:40:00,2.9849969231e+05,2.9849969231e+05,3.0425928765e+05,3.0425928765e+05
2020-03-17 03:45:00,2.9157310311e+05,2.9157310311e+05,3.0099742708e+05,3.0099742708e+05
2020-03-17 03:50:00,3.0606276213e+05,3.0606276213e+05,6.2740432267e+05,6.2740432267e+05
2020-03-17 03:55:00,3.2358953209e+05,3.2358953209e+05,1.4607546283e+06,1.4607546283e+06
2020-03-17 04:00:00,3.0562145618e+05,3.0562145618e+05,3.2315950453e+05,3.2315950453e+05
2020-03-17 04:05:00,3.4678041742e+05,3.4678041742e+05,3.2165145511e+06,3.2165145511e+06
2020-03-17 04:10:00,3.2345738646e+05,3.2345738646e+05,3.2448339317e+05,3.2448339317e+05
2020-03-17 04:15:00,2.8937239050e+05,2.8937239050e+05,2.9614101323e+05,2.9614101323e+05
2020-03-17 04:20:00,3.0435240811e+05,3.0435240811e+05,5.0935348623e+05,5.0935348623e+05
2020-03-17 04:25:00,3.1965141529e+05,3.1965141529e+05,1.5806062823e+06,1.5806062823e+06
2020-03-17 04:30:00,3.5208122151e+05,3.5208122151e+05,3.2747211111e+05,3.2747211111e+05
2020-03-17 04:35:00,2.9771535781e+05,2.9771535781e+05,3.0615011822e+05,3.0615011822e+05
2020-03-17 04:40:00,2.9622080986e+05,2.9622080986e+05,3.0019782458e+05,3.0019782458e+05
2020-03-17 04:45:00,2.9197527755e+05,2.9197527755e+05,2.9576083076e+05,2.9576083076e+05
2020-03-17 04:50:00,3.0007230615e+05,3.0007230615e+05,5.1490569912e+05,5.1490569912e+05
2020-03-17 04:55:00,3.2695429966e+05,3.2695429966e+05,1.5785991839e+06,1.5785991839e+06
2020-03-17 05:00:00,3.0790463447e+05,3.0790463447e+05,3.2262804601e+05,3.2262804601e+05
2020-03-17 05:05:00,3.1726799655e+05,3.1726799655e+05,3.2335547372e+06,3.2335547372e+06
2020-03-17 05:10:00,3.0232747546e+05,3.0232747546e+05,3.2809598213e+05,3.2809598213e+05
2020-03-17 05:15:00,3.3858666578e+05,3.3858666578e+05,4.4327649936e+06,4.4327649936e+06
2020-03-17 05:20:00,1.4685093375e+07,1.4685093375e+07,9.6157510274e+06,9.6157510274e+06
2020-03-17 05:25:00,1.5238618406e+07,1.5238618406e+07,8.3450957126e+06,8.3450957126e+06
2020-03-17 05:30:00,1.4776564231e+07,1.4776564231e+07,6.3929582954e+06,6.3929582954e+06
2020-03-17 05:35:00,1.1648041860e+07,1.1648041860e+07,4.7820199333e+06,4.7820199333e+06
2020-03-17 05:40:00,1.0610321495e+07,1.0610321495e+07,4.7366993920e+06,4.7366993920e+06
2020-03-17 05:45:00,1.0130242529e+07,1.0130242529e+07,4.8831015568e+06,4.8831015568e+06
2020-03-17 05:50:00,4.2410086684e+05,4.2410086684e+05,5.6244634748e+06,5.6244634748e+06
2020-03-17 05:55:00,3.7240261067e+05,3.7240261067e+05,7.2537557017e+06,7.2537557017e+06
2020-03-17 06:00:00,3.8795767484e+05,3.8795767484e+05,9.5480559760e+06,9.5480559760e+06
2020-03-17 06:05:00,4.1247032264e+05,4.1247032264e+05,1.3076632554e+07,1.3076632554e+07
2020-03-17 06:10:00,3.5412730171e+05,3.5412730171e+05,5.9027463761e+06,5.9027463761e+06
2020-03-17 06:15:00,2.9854417918e+05,2.9854417918e+05,3.2719102072e+05,3.2719102072e+05
2020-03-17 06:20:00,2.7379907875e+05,2.7379907875e+05,6.3323098273e+05,6.3323098273e+05
2020-03-17 06:25:00,3.2598687438e+05,3.2598687438e+05,1.4369918404e+06,1.4369918404e+06
2020-03-17 06:30:00,2.9750035978e+05,2.9750035978e+05,3.1232730327e+05,3.1232730327e+05
2020-03-17 06:35:00,3.6731940480e+05,3.6731940480e+05,3.1400537209e+05,3.1400537209e+05
2020-03-17 06:40:00,7.1974282898e+05,7.1974282898e+05,3.7167393902e+05,3.7167393902e+05
2020-03-17 06:45:00,3.0619981618e+05,3.0619981618e+05,3.0353086418e+05,3.0353086418e+05
2020-03-17 06:50:00,3.0960211218e+05,3.0960211218e+05,7.6213762880e+05,7.6213762880e+05
2020-03-17 06:55:00,3.1656665707e+05,3.1656665707e+05,1.3343452382e+06,1.3343452382e+06
2020-03-17 07:00:00,3.0307103267e+05,3.0307103267e+05,3.1061445114e+05,3.1061445114e+05
2020-03-17 07:05:00,3.4102635260e+05,3.4102635260e+05,3.2411251682e+06,3.2411251682e+06
2020-03-17 07:10:00,3.0208958859e+05,3.0208958859e+05,3.2318622649e+05,3.2318622649e+05
2020-03-17 07:15:00,3.0358184933e+05,3.0358184933e+05,3.0358716471e+05,3.0358716471e+05
2020-03-17 07:20:00,4.2239751180e+05,4.2239751180e+05,1.8566568938e+06,1.8566568938e+06
2020-03-17 07:25:00,3.3332392763e+05,3.3332392763e+05,1.3491011552e+06,1.3491011552e+06
2020-03-17 07:30:00,3.7832718679e+05,3.7832718679e+05,3.1552169019e+05,3.1552169019e+05
2020-03-17 07:35:00,3.1403907414e+05,3.1403907414e+05,3.1117085092e+05,3.1117085092e+05
2020-03-17 07:40:00,3.0725102809e+05,3.0725102809e+05,3.1011756160e+05,3.1011756160e+05
2020-03-17 07:45:00,3.0105079758e+05,3.0105079758e+05,3.1190663459e+05,3.1190663459e+05
2020-03-17 07:50:00,3.0259080429e+05,3.0259080429e+05,5.4256908569e+05,5.4256908569e+05
2020-03-17 07:55:00,3.2634633573e+05,3.2634633573e+05,1.5603613699e+06,1.5603613699e+06
2020-03-17 08:00:00,3.1845929200e+05,3.1845929200e+05,3.2700000078e+05,3.2700000078e+05
2020-03-17 08:05:00,7.2360068246e+05,7.2360068246e+05,3.2336503226e+06,3.2336503226e+06
2020-03-17 08:10:00,3.5730328083e+05,3.5730328083e+05,6.2802518894e+05,6.2802518894e+05
2020-03-17 08:15:00,4.4023732551e+05,4.4023732551e+05,4.0755561013e+05,4.0755561013e+05
2020-03-17 08:20:00,3.2063934799e+05,3.2063934799e+05,7.1523748560e+05,7.1523748560e+05
2020-03-17 08:25:00,3.2657435974e+05,3.2657435974e+05,1.5611873796e+06,1.5611873796e+06
2020-03-17 08:30:00,3.1433281768e+05,3.1433281768e+05,3.3581621539e+05,3.3581621539e+05
2020-03-17 08:35:00,4.2057042729e+05,4.2057042729e+05,6.9299541590e+05,6.9299541590e+05
2020-03-17 08:40:00,4.3619472604e+05,4.3619472604e+05,7.6193775982e+05,7.6193775982e+05
2020-03-17 08:45:00,3.4710220667e+05,3.4710220667e+05,9.0105567340e+05,9.0105567340e+05
2020-03-17 08:50:00,3.9991722621e+05,3.9991722621e+05,6.5529977626e+05,6.5529977626e+05
2020-03-17 08:55:00,4.1738015805e+05,4.1738015805e+05,1.5691380931e+06,1.5691380931e+06
2020-03-17 09:00:00,3.1852018853e+05,3.1852018853e+05,3.2565244148e+05,3.2565244148e+05
2020-03-17 09:05:00,3.2934368108e+05,3.2934368108e+05,3.2234584574e+06,3.2234584574e+06
2020-03-17 09:10:00,4.4703246782e+05,4.4703246782e+05,3.4789670218e+05,3.4789670218e+05
2020-03-17 09:15:00,3.2996397707e+05,3.2996397707e+05,3.2492897956e+05,3.2492897956e+05
2020-03-17 09:20:00,4.9805239449e+05,4.9805239449e+05,5.6749481831e+05,5.6749481831e+05
2020-03-17 09:25:00,7.3364540569e+05,7.3364540569e+05,1.5755019385e+06,1.5755019385e+06
2020-03-17 09:30:00,8.9650620196e+05,8.9650620196e+05,3.1930085013e+05,3.1930085013e+05
2020-03-17 09:35:00,3.5661358524e+05,3.5661358524e+05,3.5644192373e+05,3.5644192373e+05
2020-03-17 09:40:00,3.1786470578e+05,3.1786470578e+05,5.5277041387e+05,5.5277041387e+05
2020-03-17 09:45:00,3.0546308198e+05,3.0546308198e+05,4.8673049851e+05,4.8673049851e+05
2020-03-17 09:50:00,3.1168095802e+05,3.1168095802e+05,6.4590115812e+05,6.4590115812e+05
2020-03-17 09:55:00,3.3188267231e+05,3.3188267231e+05,1.5933805196e+06,1.5933805196e+06
2020-03-17 10:00:00,3.1544282738e+05,3.1544282738e+05,3.2428934343e+05,3.2428934343e+05
2020-03-17 10:05:00,3.2698551224e+05,3.2698551224e+05,3.2665946725e+06,3.2665946725e+06
2020-03-17 10:10:00,3.0658776763e+05,3.0658776763e+05,3.4737494900e+05,3.4737494900e+05
2020-03-17 10:15:00,3.4337384284e+05,3.4337384284e+05,7.3500323484e+05,7.3500323484e+05
2020-03-17 10:20:00,8.1112686116e+05,8.1112686116e+05,2.5815286037e+06,2.5815286037e+06
2020-03-17 10:25:00,3.3850273849e+05,3.3850273849e+05,1.2973674743e+06,1.2973674743e+06
2020-03-17 10:30:00,1.4569470062e+06,1.4569470062e+06,3.2562769031e+05,3.2562769031e+05
2020-03-17 10:35:00,3.3866044089e+05,3.3866044089e+05,3.1748036853e+05,3.1748036853e+05
2020-03-17 10:40:00,3.0639972480e+05,3.0639972480e+05,3.0545643502e+05,3.0545643502e+05
2020-03-17 10:45:00,3.6250972338e+05,3.6250972338e+05,3.1430203911e+05,3.1430203911e+05
2020-03-17 10:50:00,3.5934637867e+05,3.5934637867e+05,5.5655102329e+05,5.5655102329e+05
2020-03-17 10:55:00,3.3675015964e+05,3.3675015964e+05,1.5587075595e+06,1.5587075595e+06
2020-03-17 11:00:00,3.2769853244e+05,3.2769853244e+05,3.2906122027e+05,3.2906122027e+05
2020-03-17 11:05:00,1.0617516816e+07,1.0617516816e+07,3.2220690572e+06,3.2220690572e+06
2020-03-17 11:10:00,3.9685955322e+07,3.9685955322e+07,3.3063637867e+05,3.3063637867e+05
2020-03-17 11:15:00,6.4372053392e+06,6.4372053392e+06,3.4987880693e+05,3.4987880693e+05
2020-03-17 11:20:00,4.1195171324e+05,4.1195171324e+05,5.1851150364e+05,5.1851150364e+05
2020-03-17 11:25:00,3.3634009493e+05,3.3634009493e+05,1.5797256084e+06,1.5797256084e+06
2020-03-17 11:30:00,1.5703646119e+07,1.5703646119e+07,3.3034596764e+05,3.3034596764e+05
2020-03-17 11:35:00,1.4704620484e+07,1.4704620484e+07,3.2125134809e+05,3.2125134809e+05
2020-03-17 11:40:00,1.2964597826e+07,1.2964597826e+07,7.6755279182e+05,7.6755279182e+05
2020-03-17 11:45:00,1.1073394914e+07,1.1073394914e+07,5.1491300773e+06,5.1491300773e+06
2020-03-17 11:50:00,1.3126389836e+07,1.3126389836e+07,5.9821261932e+06,5.9821261932e+06
2020-03-17 11:55:00,1.2872983939e+07,1.2872983939e+07,6.2277827751e+06,6.2277827751e+06
2020-03-17 12:00:00,5.4923522583e+05,5.4923522583e+05,6.6010371084e+06,6.6010371084e+06
2020-03-17 12:05:00,4.7129226776e+05,4.7129226776e+05,1.1400146815e+07,1.1400146815e+07
2020-03-17 12:10:00,3.8452951314e+05,3.8452951314e+05,5.8783859352e+06,5.8783859352e+06
2020-03-17 12:15:00,3.6717087237e+05,3.6717087237e+05,5.5365212571e+06,5.5365212571e+06
2020-03-17 12:20:00,3.7330181724e+05,3.7330181724e+05,6.6600589988e+06,6.6600589988e+06
2020-03-17 12:25:00,4.7376716772e+05,4.7376716772e+05,9.2476521477e+06,9.2476521477e+06
2020-03-17 12:30:00,4.2772472065e+05,4.2772472065e+05,9.6495411770e+06,9.6495411770e+06
2020-03-17 12:35:00,4.0080201403e+05,4.0080201403e+05,3.6370498230e+07,3.6370498230e+07
2020-03-17 12:40:00,4.5897162098e+05,4.5897162098e+05,5.1695825628e+07,5.1695825628e+07
2020-03-17 12:45:00,3.3453359609e+05,3.3453359609e+05,5.8577596533e+07,5.8577596533e+07
2020-03-17 12:50:00,3.2210838133e+05,3.2210838133e+05,4.5881182946e+07,4.5881182946e+07
2020-03-17 12:55:00,3.3711974400e+05,3.3711974400e+05,2.2827279159e+07,2.2827279159e+07
2020-03-17 13:00:00,3.2437775781e+05,3.2437775781e+05,2.9261347073e+06,2.9261347073e+06
2020-03-17 13:05:00,3.2846701434e+05,3.2846701434e+05,3.3019706212e+06,3.3019706212e+06
2020-03-17 13:10:00,3.0634528438e+05,3.0634528438e+05,3.6203734564e+05,3.6203734564e+05
2020-03-17 13:15:00,2.9610095556e+05,2.9610095556e+05,3.0558147040e+05,3.0558147040e+05
2020-03-17 13:20:00,3.1762482887e+05,3.1762482887e+05,7.4372707052e+05,7.4372707052e+05
2020-03-17 13:25:00,3.7658455738e+05,3.7658455738e+05,1.3721566273e+06,1.3721566273e+06
2020-03-17 13:30:00,3.0131957428e+05,3.0131957428e+05,3.2271781332e+05,3.2271781332e+05
2020-03-17 13:35:00,3.3135584196e+05,3.3135584196e+05,3.1074631484e+05,3.1074631484e+05
2020-03-17 13:40:00,3.4565892853e+05,3.4565892853e+05,3.1226735698e+05,3.1226735698e+05
2020-03-17 13:45:00,4.5273657973e+05,4.5273657973e+05,3.1472522756e+05,3.1472522756e+05
2020-03-17 13:50:00,4.5062248565e+05,4.5062248565e+05,5.7965781178e+05,5.7965781178e+05
2020-03-17 13:55:00,3.6096782466e+05,3.6096782466e+05,1.5201686246e+06,1.5201686246e+06
2020-03-17 14:00:00,3.1217590391e+05,3.1217590391e+05,3.2297496773e+05,3.2297496773e+05
2020-03-17 14:05:00,3.9903600871e+05,3.9903600871e+05,3.2193518556e+06,3.2193518556e+06
2020-03-17 14:10:00,4.1342758018e+05,4.1342758018e+05,3.2832385078e+05,3.2832385078e+05
2020-03-17 14:15:00,3.2368666009e+05,3.2368666009e+05,3.1304425225e+05,3.1304425225e+05
2020-03-17 14:20:00,3.0982104950e+05,3.0982104950e+05,5.9452116486e+05,5.9452116486e+05
2020-03-17 14:25:00,3.6934625085e+05,3.6934625085e+05,1.5875916287e+06,1.5875916287e+06
2020-03-17 14:30:00,3.0849490760e+05,3.0849490760e+05,4.9373038693e+05,4.9373038693e+05
2020-03-17 14:35:00,4.0737648894e+05,4.0737648894e+05,3.2539598982e+05,3.2539598982e+05
2020-03-17 14:40:00,3.1119896879e+05,3.1119896879e+05,3.0873516494e+05,3.0873516494e+05
2020-03-17 14:45:00,3.3664619947e+05,3.3664619947e+05,3.0894482667e+05,3.0894482667e+05
2020-03-17 14:50:00,3.3130216142e+05,3.3130216142e+05,7.8556829244e+05,7.8556829244e+05
2020-03-17 14:55:00,3.2118980622e+05,3.2118980622e+05,1.3227060107e+06,1.3227060107e+06
2020-03-17 15:00:00,2.9793483575e+05,2.9793483575e+05,3.1046413151e+05,3.1046413151e+05
2020-03-17 15:05:00,3.1853408728e+05,3.1853408728e+05,3.2280048132e+06,3.2280048132e+06
2020-03-17 15:10:00,3.1753202559e+05,3.1753202559e+05,3.2694408106e+05,3.2694408106e+05
2020-03-17 15:15:00,3.0407257067e+05,3.0407257067e+05,3.2975311769e+05,3.2975311769e+05
2020-03-17 15:20:00,3.0598341248e+05,3.0598341248e+05,5.7670745365e+05,5.7670745365e+05
2020-03-17 15:25:00,3.3507841827e+05,3.3507841827e+05,1.5516470384e+06,1.5516470384e+06
2020-03-17 15:30:00,3.0371246021e+05,3.0371246021e+05,3.6214195825e+05,3.6214195825e+05
2020-03-17 15:35:00,1.1357724843e+06,1.1357724843e+06,3.2426526499e+05,3.2426526499e+05
2020-03-17 15:40:00,5.1126026476e+05,5.1126026476e+05,3.4904171842e+05,3.4904171842e+05
2020-03-17 15:45:00,3.0631493826e+05,3.0631493826e+05,3.0806916860e+05,3.0806916860e+05
2020-03-17 15:50:00,2.9994391502e+05,2.9994391502e+05,5.9267346809e+05,5.9267346809e+05
2020-03-17 15:55:00,4.3746396764e+05,4.3746396764e+05,1.4406599938e+06,1.4406599938e+06
2020-03-17 16:00:00,2.8237047840e+05,2.8237047840e+05,2.9422608373e+05,2.9422608373e+05
2020-03-17 16:05:00,3.1206464284e+05,3.1206464284e+05,3.1906984535e+06,3.1906984535e+06
2020-03-17 16:10:00,3.9055770560e+05,3.9055770560e+05,3.3011225920e+05,3.3011225920e+05
2020-03-17 16:15:00,2.8909472587e+05,2.8909472587e+05,3.1211299307e+05,3.1211299307e+05
2020-03-17 16:20:00,3.3600823040e+05,3.3600823040e+05,5.4418249316e+05,5.4418249316e+05
2020-03-17 16:25:00,3.1326149991e+05,3.1326149991e+05,1.5058097783e+06,1.5058097783e+06
2020-03-17 16:30:00,3.0537536636e+05,3.0537536636e+05,3.2030483074e+05,3.2030483074e+05
2020-03-17 16:35:00,2.9482848238e+05,2.9482848238e+05,3.0268397859e+05,3.0268397859e+05
2020-03-17 16:40:00,2.2225441206e+05,2.2225441206e+05,2.2166773058e+05,2.2166773058e+05
2020-03-17 16:45:00,2.9996651934e+05,2.9996651934e+05,3.0570955728e+05,3.0570955728e+05
2020-03-17 16:50:00,3.1448862820e+05,3.1448862820e+05,7.2519161305e+05,7.2519161305e+05
2020-03-17 16:55:00,1.1603491106e+06,1.1603491106e+06,1.4053862248e+06,1.4053862248e+06
2020-03-17 17:00:00,3.0291373498e+05,3.0291373498e+05,3.1344028902e+05,3.1344028902e+05
2020-03-17 17:05:00,3.1743086631e+05,3.1743086631e+05,3.2148804177e+06,3.2148804177e+06
2020-03-17 17:10:00,2.9825849348e+05,2.9825849348e+05,3.2621571451e+05,3.2621571451e+05
2020-03-17 17:15:00,2.9857153422e+05,2.9857153422e+05,3.0687429227e+05,3.0687429227e+05
2020-03-17 17:20:00,3.7433924516e+05,3.7433924516e+05,6.0996401173e+05,6.0996401173e+05
2020-03-17 17:25:00,4.3128559573e+05,4.3128559573e+05,1.5040508028e+06,1.5040508028e+06
2020-03-17 17:30:00,2.9836780782e+05,2.9836780782e+05,3.1145648942e+05,3.1145648942e+05
2020-03-17 17:35:00,3.0295094329e+05,3.0295094329e+05,3.1044837813e+05,3.1044837813e+05
2020-03-17 17:40:00,4.7815292782e+05,4.7815292782e+05,3.1709011484e+05,3.1709011484e+05
2020-03-17 17:45:00,3.0131411431e+05,3.0131411431e+05,3.0655637991e+05,3.0655637991e+05
2020-03-17 17:50:00,3.1080190524e+05,3.1080190524e+05,8.8995860569e+05,8.8995860569e+05
2020-03-17 17:55:00,1.3530993430e+07,1.3530993430e+07,2.1965385715e+07,2.1965385715e+07
2020-03-17 18:00:00,2.1205395599e+07,2.1205395599e+07,1.1026707629e+07,1.1026707629e+07
2020-03-17 18:05:00,2.0423321078e+07,2.0423321078e+07,1.3293303401e+07,1.3293303401e+07
2020-03-17 18:10:00,2.0748194509e+07,2.0748194509e+07,1.0726333079e+07,1.0726333079e+07
2020-03-17 18:15:00,2.0292946680e+06,2.0292946680e+06,1.4738749203e+07,1.4738749203e+07
2020-03-17 18:20:00,3.9997486631e+05,3.9997486631e+05,9.2667116988e+06,9.2667116988e+06
2020-03-17 18:25:00,3.2074802009e+05,3.2074802009e+05,1.5245865058e+06,1.5245865058e+06
2020-03-17 18:30:00,3.3234298738e+05,3.3234298738e+05,3.2225483378e+05,3.2225483378e+05
2020-03-17 18:35:00,3.0232101956e+05,3.0232101956e+05,3.0696277724e+05,3.0696277724e+05
2020-03-17 18:40:00,2.9952350629e+05,2.9952350629e+05,3.0951619425e+05,3.0951619425e+05
2020-03-17 18:45:00,3.0809553940e+05,3.0809553940e+05,3.0533970664e+05,3.0533970664e+05
2020-03-17 18:50:00,3.5120406658e+05,3.5120406658e+05,8.0157175599e+05,8.0157175599e+05
2020-03-17 18:55:00,3.7461646555e+05,3.7461646555e+05,1.2962783317e+06,1.2962783317e+06
2020-03-17 19:00:00,4.9612573940e+05,4.9612573940e+05,4.0934096241e+05,4.0934096241e+05
2020-03-17 19:05:00,3.1646519375e+05,3.1646519375e+05,3.3958603469e+06,3.3958603469e+06
2020-03-17 19:10:00,3.0424710023e+05,3.0424710023e+05,3.2840343647e+05,3.2840343647e+05
2020-03-17 19:15:00,3.4924450548e+05,3.4924450548e+05,3.0618194431e+05,3.0618194431e+05
2020-03-17 19:20:00,1.1801700098e+06,1.1801700098e+06,5.4520682597e+05,5.4520682597e+05
2020-03-17 19:25:00,3.7195270818e+05,3.7195270818e+05,1.5657237519e+06,1.5657237519e+06
2020-03-17 19:30:00,3.4121249147e+05,3.4121249147e+05,3.1840280734e+05,3.1840280734e+05
2020-03-17 19:35:00,3.6044025191e+05,3.6044025191e+05,3.2507409755e+05,3.2507409755e+05
2020-03-17 19:40:00,3.4212791865e+05,3.4212791865e+05,4.7898901782e+05,4.7898901782e+05
2020-03-17 19:45:00,4.9626812233e+05,4.9626812233e+05,3.1071475800e+05,3.1071475800e+05
2020-03-17 19:50:00,3.1260495442e+05,3.1260495442e+05,6.4403166036e+05,6.4403166036e+05
2020-03-17 19:55:00,3.1567841198e+05,3.1567841198e+05,1.4485916827e+06,1.4485916827e+06
2020-03-17 20:00:00,3.0509585671e+05,3.0509585671e+05,3.1948843698e+05,3.1948843698e+05
2020-03-17 20:05:00,3.3125446773e+05,3.3125446773e+05,3.2542786668e+06,3.2542786668e+06
2020-03-17 20:10:00,3.1535821440e+05,3.1535821440e+05,3.2840058044e+05,3.2840058044e+05
2020-03-17 20:15:00,4.4123248231e+05,4.4123248231e+05,3.1585326364e+05,3.1585326364e+05
2020-03-17 20:20:00,3.1909652569e+05,3.1909652569e+05,6.0636008178e+05,6.0636008178e+05
2020-03-17 20:25:00,3.2896087022e+05,3.2896087022e+05,1.5833139723e+06,1.5833139723e+06
2020-03-17 20:30:00,3.0545540960e+05,3.0545540960e+05,3.2107224480e+05,3.2107224480e+05
2020-03-17 20:35:00,2.9264462311e+05,2.9264462311e+05,3.0060151751e+05,3.0060151751e+05
2020-03-17 20:40:00,2.9793287182e+05,2.9793287182e+05,3.0336033262e+05,3.0336033262e+05
2020-03-17 20:45:00,3.0371047947e+05,3.0371047947e+05,3.0965984924e+05,3.0965984924e+05
2020-03-17 20:50:00,3.0831304889e+05,3.0831304889e+05,6.3718288836e+05,6.3718288836e+05
2020-03-17 20:55:00,3.3028310222e+05,3.3028310222e+05,1.4547404804e+06,1.4547404804e+06
2020-03-17 21:00:00,3.4467707769e+05,3.4467707769e+05,3.1843001102e+05,3.1843001102e+05
2020-03-17 21:05:00,3.3198851982e+05,3.3198851982e+05,3.2308063938e+06,3.2308063938e+06
2020-03-17 21:10:00,2.9531102187e+05,2.9531102187e+05,3.2504331964e+05,3.2504331964e+05
2020-03-17 21:15:00,2.9747828640e+05,2.9747828640e+05,3.0267783022e+05,3.0267783022e+05
2020-03-17 21:20:00,3.0890880711e+05,3.0890880711e+05,5.7786177813e+05,5.7786177813e+05
2020-03-17 21:25:00,3.2536677796e+05,3.2536677796e+05,1.5198197570e+06,1.5198197570e+06
2020-03-17 21:30:00,7.5460130701e+05,7.5460130701e+05,3.3089267832e+05,3.3089267832e+05
2020-03-17 21:35:00,4.8980794634e+05,4.8980794634e+05,3.4207363745e+05,3.4207363745e+05
2020-03-17 21:40:00,3.0363531252e+05,3.0363531252e+05,3.0605814574e+05,3.0605814574e+05
2020-03-17 21:45:00,3.6228806524e+05,3.6228806524e+05,3.0370300782e+05,3.0370300782e+05
2020-03-17 21:50:00,3.0353798044e+05,3.0353798044e+05,5.4016403804e+05,5.4016403804e+05
2020-03-17 21:55:00,3.2007769084e+05,3.2007769084e+05,1.5602233625e+06,1.5602233625e+06
2020-03-17 22:00:00,3.0364648131e+05,3.0364648131e+05,4.3809919545e+05,4.3809919545e+05
2020-03-17 22:05:00,3.1656468579e+05,3.1656468579e+05,3.2192063503e+06,3.2192063503e+06
2020-03-17 22:10:00,2.9980178596e+05,2.9980178596e+05,3.2523487784e+05,3.2523487784e+05
2020-03-17 22:15:00,2.9372837475e+05,2.9372837475e+05,3.0351331748e+05,3.0351331748e+05
2020-03-17 22:20:00,3.0810140386e+05,3.0810140386e+05,7.9873489584e+05,7.9873489584e+05
2020-03-17 22:25:00,3.2266708898e+05,3.2266708898e+05,1.3024624478e+06,1.3024624478e+06
2020-03-17 22:30:00,2.9354193374e+05,2.9354193374e+05,3.0723780005e+05,3.0723780005e+05
2020-03-17 22:35:00,2.9951774462e+05,2.9951774462e+05,3.0586008511e+05,3.0586008511e+05
2020-03-17 22:40:00,3.2794895342e+05,3.2794895342e+05,3.0346724107e+05,3.0346724107e+05
2020-03-17 22:45:00,2.9641997600e+05,2.9641997600e+05,3.0462121351e+05,3.0462121351e+05
2020-03-17 22:50:00,3.1190263413e+05,3.1190263413e+05,5.2649698027e+05,5.2649698027e+05
2020-03-17 22:55:00,3.2673030279e+05,3.2673030279e+05,1.5795554104e+06,1.5795554104e+06
2020-03-17 23:00:00,3.1196547275e+05,3.1196547275e+05,3.2250117597e+05,3.2250117597e+05
2020-03-17 23:05:00,3.9539442665e+05,3.9539442665e+05,3.2173661344e+06,3.2173661344e+06
2020-03-17 23:10:00,3.0842831106e+05,3.0842831106e+05,3.3100139080e+05,3.3100139080e+05
2020-03-17 23:15:00,4.4140931484e+05,4.4140931484e+05,3.0872338720e+05,3.0872338720e+05
2020-03-17 23:20:00,4.1996227627e+05,4.1996227627e+05,7.1484529422e+05,7.1484529422e+05
2020-03-17 23:25:00,3.4207233156e+05,3.4207233156e+05,1.4407461824e+06,1.4407461824e+06
2020-03-17 23:30:00,3.0413179947e+05,3.0413179947e+05,3.1507837813e+05,3.1507837813e+05
2020-03-17 23:35:00,2.9447483307e+05,2.9447483307e+05,3.0345058347e+05,3.0345058347e+05
2020-03-17 23:40:00,4.1898654551e+06,4.1898654551e+06,2.7578111911e+05,2.7578111911e+05
2020-03-17 23:45:00,4.7406685529e+05,4.7406685529e+05,1.8439244132e+07,1.8439244132e+07
2020-03-17 23:50:00,1.0071488214e+07,1.0071488214e+07,1.7285827040e+07,1.7285827040e+07
2020-03-17 23:55:00,2.6238885989e+07,2.6238885989e+07,1.2290280328e+07,1.2290280328e+07
2020-03-18 00:00:00,1.6710490416e+07,1.6710490416e+07,6.5884986281e+06,6.5884986281e+06
